county,schooldistrict,schooldistrictlocation,id,level,popfrac,vaxrate,priorrate
Beaver,BEAVER,BEAVER,S0622,2,0.02343,0.872186552616768,0
Beaver,BEAVER,BEAVER,S0623,1,0.05927,0.871375437302049,0
Beaver,BEAVER,BEAVER,S0616,1,0.14128,0.934533587424085,0
Beaver,BEAVER,BEAVER,S0615,3,0.09717,0.826974905852694,0
Beaver,BEAVER,BEAVER,S0615,2,0.04273,0.799594526470173,0
Beaver,BEAVER,BEAVER,S0071,1,0.31082,0.987837765307631,0
Beaver,BEAVER,BEAVER,S0068,3,0.22536,0.776564635161776,0
Beaver,BEAVER,BEAVER,S0068,2,0.09993,0.806804023333825,0
Box Elder,,BOX ELDER,S1045,3,0.00088,0.954974704654887,0
Box Elder,,BOX ELDER,S1045,2,4e-04,0.883497333154082,0
Box Elder,,BOX ELDER,S0808,2,0.00694,0.996945989201777,0
Box Elder,,BOX ELDER,S0808,1,0.02711,0.939382733718958,0
Box Elder,,BOX ELDER,S0697,3,0.00048,0.991307986958418,0
Box Elder,,BOX ELDER,S0156,3,8e-04,0.843763001845218,0
Box Elder,BOX ELDER,BOX ELDER,S1166,1,0.01802,0.782377114752308,0
Box Elder,BOX ELDER,BOX ELDER,S1024,1,0.04018,0.916781686246395,0
Box Elder,BOX ELDER,BOX ELDER,S0990,3,0.0114,0.960302132472862,0
Box Elder,BOX ELDER,BOX ELDER,S0930,1,0.00151,0.972804645367432,0
Box Elder,BOX ELDER,BOX ELDER,S0777,2,0.00096,0.772561681398656,0
Box Elder,BOX ELDER,BOX ELDER,S0777,1,0.00128,0.908122463617474,0
Box Elder,BOX ELDER,BOX ELDER,S0712,1,0.04927,0.973416305030696,0
Box Elder,BOX ELDER,BOX ELDER,S0600,1,0.0401,0.908683642745018,0
Box Elder,BOX ELDER,BOX ELDER,S0526,1,0.04377,0.862568874785211,0
Box Elder,BOX ELDER,BOX ELDER,S0402,1,0.00048,0.787291821732651,0
Box Elder,BOX ELDER,BOX ELDER,S1300,1,0.06274,0.921245451376308,0
Box Elder,BOX ELDER,BOX ELDER,S0372,1,0.05023,0.988171540026087,0
Box Elder,BOX ELDER,BOX ELDER,S0343,1,0.0452,0.831542049534619,0
Box Elder,BOX ELDER,BOX ELDER,S0261,1,0.03412,0.850806002737954,0
Box Elder,BOX ELDER,BOX ELDER,S0177,1,0.03412,0.756530270038638,0
Box Elder,BOX ELDER,BOX ELDER,S0109,2,0.08459,0.98300544108497,0
Box Elder,BOX ELDER,BOX ELDER,S0108,3,0.13673,0.91910394502338,0
Box Elder,BOX ELDER,BOX ELDER,S0067,2,0.06713,0.755783506087027,0
Box Elder,BOX ELDER,BOX ELDER,S0066,3,0.09424,0.840295392845292,0
Box Elder,BOX ELDER,BOX ELDER,S0010,2,0.0684,0.954326676088385,0
Box Elder,BOX ELDER,BOX ELDER,S0006,2,0.07893,0.865685447235592,0
Cache,,CACHE,S1050,3,0.00084,0.878480341576505,0
Cache,,CACHE,S1019,2,0.0105,0.764377540734131,0
Cache,,CACHE,S1019,1,0.0217,0.905229389376473,0
Cache,,CACHE,S1018,2,0.00767,0.868343296460807,0
Cache,,CACHE,S1018,1,0.01343,0.8103194925352,0
Cache,,CACHE,S1015,2,0.00539,0.758447018801235,0
Cache,,CACHE,S1015,1,0.00748,0.839192573970649,0
Cache,,CACHE,S0469,3,0.00665,0.861660526366904,0
Cache,,CACHE,S0469,2,0.00228,0.97829424549127,0
Cache,,LOGAN,S0338,3,0.08711,0.900813582935371,0
Cache,,LOGAN,S0298,1,0.05889,0.848155876272358,0
Cache,,LOGAN,S0065,1,0.03051,0.937051279353909,0
Cache,CACHE,CACHE,S1160,1,0.01789,0.985293276549783,0
Cache,CACHE,CACHE,S1132,1,0.0204,0.978280068782624,0
Cache,CACHE,CACHE,S0993,1,0.03239,0.928169946593698,0
Cache,CACHE,CACHE,S0987,1,0.03095,0.945265319780447,0
Cache,CACHE,CACHE,S0961,2,0.03899,0.996466090611648,0
Cache,CACHE,CACHE,S0934,2,0.05257,0.886825611814857,0
Cache,CACHE,CACHE,S0922,3,0.07418,0.972570382640697,0
Cache,CACHE,CACHE,S0843,1,0.02761,0.756218060851097,0
Cache,CACHE,CACHE,S0840,3,0.0897,0.954209131537937,0
Cache,CACHE,CACHE,S0811,1,0.03179,0.803981860226486,0
Cache,CACHE,CACHE,S0710,1,0.0192,0.862705209525302,0
Cache,CACHE,CACHE,S0704,2,0.05461,0.791623973811511,0
Cache,CACHE,CACHE,S0700,1,0.02082,0.953480687807314,0
Cache,CACHE,CACHE,S0675,1,0.02184,0.794730106368661,0
Cache,CACHE,CACHE,S0656,3,0.07274,0.83587340998929,0
Cache,CACHE,CACHE,S0621,1,0.02087,0.76726714335382,0
Cache,CACHE,CACHE,S0559,1,0.02115,0.977654946502298,0
Cache,CACHE,CACHE,S0553,1,0.02231,0.775624130910728,0
Cache,CACHE,CACHE,S0425,1,0.03156,0.883987509703729,0
Cache,CACHE,CACHE,S0398,1,0.02268,0.835666087747086,0
Cache,CACHE,CACHE,S0396,3,0.0897,0.815050376229919,0
Cache,CACHE,CACHE,S0164,1,0.03272,0.9656940062996,0
Cache,CACHE,CACHE,S0138,1,0.03635,0.961750946007669,0
Cache,CACHE,CACHE,S0132,3,0.00646,0.851938048494048,0
Cache,CACHE,CACHE,S0083,1,0.03458,0.906171492009889,0
Cache,LOGAN,LOGAN,S1178,1,0.08399,0.753471694362815,0
Cache,LOGAN,LOGAN,S1172,1,0.05167,0.901754477992654,0
Cache,LOGAN,LOGAN,S0650,2,0.18701,0.951022315653972,0
Cache,LOGAN,LOGAN,S0568,3,0.229,0.804940545698628,0
Cache,LOGAN,LOGAN,S0440,1,0.08301,0.876305786077864,0
Cache,LOGAN,LOGAN,S0306,1,0.05364,0.959409753675573,0
Cache,LOGAN,LOGAN,S0113,1,0.08219,0.779640948167071,0
Cache,LOGAN,LOGAN,S0004,1,0.05299,0.788724506855942,0
Carbon,,CARBON,S0793,3,0.03769,0.798000544018578,0
Carbon,,CARBON,S0793,2,0.03076,0.993019886198454,0
Carbon,,CARBON,S0793,1,0.03409,0.848447212192696,0
Carbon,CARBON,CARBON,S1131,1,0.07483,0.809633605880663,0
Carbon,CARBON,CARBON,S0890,1,0.07788,0.958354690810665,0
Carbon,CARBON,CARBON,S0628,2,0.16463,0.957205896324012,0
Carbon,CARBON,CARBON,S0423,2,0.05017,0.988180648477282,0
Carbon,CARBON,CARBON,S0220,1,0.10643,0.830483036930673,0
Carbon,CARBON,CARBON,S0155,3,0.00499,0.891656156280078,0
Carbon,CARBON,CARBON,S0155,2,0.00194,0.911388824810274,0
Carbon,CARBON,CARBON,S0155,1,0.02245,0.883459116215818,0
Carbon,CARBON,CARBON,S0154,1,0.1031,0.766479969082866,0
Carbon,CARBON,CARBON,S0148,3,0.27051,0.822938246594276,0
Carbon,CARBON,CARBON,S0121,1,0.02051,0.924058738863096,0
Daggett,DAGGETT,DAGGETT,S0586,1,0.30909,0.788792178500444,0
Daggett,DAGGETT,DAGGETT,S0585,3,0.32121,0.763741012779064,0
Daggett,DAGGETT,DAGGETT,S0585,2,0.29697,0.769157751230523,0
Daggett,DAGGETT,DAGGETT,S0346,1,0.07273,0.846000248624478,0
Davis,,DAVIS,S1108,1,0.00089,0.870496280491352,0
Davis,,DAVIS,S1340,1,0.00134,0.920741483627353,0
Davis,,DAVIS,S1098,1,0.0069,0.830652793461923,0
Davis,,DAVIS,S1065,3,0.00195,0.958890623005573,0
Davis,,DAVIS,S1338,1,0.00512,0.798132603231352,0
Davis,,DAVIS,S1000,1,0.00942,0.85068436776055,0
Davis,,DAVIS,S1301,1,0.0067,0.998277785547543,0
Davis,,DAVIS,S0999,2,0.00595,0.977513142046519,0
Davis,,DAVIS,S0957,3,0.00434,0.995833334629424,0
Davis,,DAVIS,S0957,2,0.00181,0.805194341868628,0
Davis,,DAVIS,S0957,1,0.00517,0.806742022861727,0
Davis,,DAVIS,S0883,2,0.00024,0.95244744309457,0
Davis,,DAVIS,S0883,1,0.001,0.895174535166007,0
Davis,,DAVIS,S0266,3,0.00132,0.983847424271517,0
Davis,,DAVIS,S0266,2,4e-04,0.970006436749827,0
Davis,,DAVIS,S0706,2,0.00315,0.773050643445458,0
Davis,,DAVIS,S0706,1,0.00908,0.778765995928552,0
Davis,,DAVIS,S0702,3,0.00897,0.829044709040318,0
Davis,,DAVIS,S0636,2,9e-05,0.799465022631921,0
Davis,,DAVIS,S0636,1,0.00623,0.899813543015625,0
Davis,,DAVIS,S0547,2,0.00335,0.787823483522516,0
Davis,,DAVIS,S0547,1,0.00913,0.892598698148504,0
Davis,,DAVIS,S0544,1,0.0068,0.787099325854797,0
Davis,,DAVIS,S0539,3,0.00403,0.830676765064709,0
Davis,,DAVIS,S0540,2,0.00064,0.972383256477769,0
Davis,,DAVIS,S0540,1,0.00149,0.916738573519979,0
Davis,,DAVIS,S0482,1,0.00639,0.764758674718905,0
Davis,,DAVIS,S0436,2,0.00368,0.889181067061145,0
Davis,,DAVIS,S0436,1,0.0049,0.862928607617505,0
Davis,,DAVIS,S0339,3,0.00016,0.834958130784798,0
Davis,,DAVIS,S0331,1,0.00056,0.774523773405235,0
Davis,,DAVIS,S0300,3,0.00048,0.980638585577253,0
Davis,,DAVIS,S0182,2,0.00028,0.774515769560821,0
Davis,,DAVIS,S0182,1,0.00316,0.909161586663686,0
Davis,,DAVIS,S0076,3,0.00044,0.768870896310546,0
Davis,,DAVIS,S0076,2,0.00057,0.853846604179125,0
Davis,,DAVIS,S0056,2,5e-05,0.809213309839834,0
Davis,,DAVIS,S0056,1,0.00033,0.968533643521369,0
Davis,,DAVIS,S0044,2,0.00093,0.95191105135018,0
Davis,,DAVIS,S0044,1,0.004,0.881435397721361,0
Davis,DAVIS,DAVIS,S1180,1,0.00551,0.933559739612974,0
Davis,DAVIS,DAVIS,S1179,3,0.01971,0.96757354028523,0
Davis,DAVIS,DAVIS,S1174,1,0.00606,0.925417311082128,0
Davis,DAVIS,DAVIS,S1163,1,0.0045,0.998053065151908,0
Davis,DAVIS,DAVIS,S1147,1,0.0084,0.926126395876054,0
Davis,DAVIS,DAVIS,S1146,2,0.00522,0.889129348506685,0
Davis,DAVIS,DAVIS,S1135,1,0.00749,0.765411144355312,0
Davis,DAVIS,DAVIS,S1134,1,0.008,0.978524267615285,0
Davis,DAVIS,DAVIS,S1109,1,0.00494,0.890397479059175,0
Davis,DAVIS,DAVIS,S1091,3,0.02045,0.949139846838079,0
Davis,DAVIS,DAVIS,S1083,1,0.00533,0.879219783120789,0
Davis,DAVIS,DAVIS,S1074,1,0.00384,0.966826803225558,0
Davis,DAVIS,DAVIS,S1035,1,0.00431,0.864571117621381,0
Davis,DAVIS,DAVIS,S1007,1,0.00432,0.769330028502736,0
Davis,DAVIS,DAVIS,S1003,1,0.0105,0.794426676759031,0
Davis,DAVIS,DAVIS,S1002,2,0.01023,0.873734740889631,0
Davis,DAVIS,DAVIS,S1001,3,0.03436,0.840210752910934,0
Davis,DAVIS,DAVIS,S0997,1,0.00383,0.908079022425227,0
Davis,DAVIS,DAVIS,S0994,2,0.01296,0.856117265764624,0
Davis,DAVIS,DAVIS,S0988,1,0.00978,0.961499386525247,0
Davis,DAVIS,DAVIS,S0976,1,0.00662,0.88903962058248,0
Davis,DAVIS,DAVIS,S0950,1,0.00946,0.784463273303118,0
Davis,DAVIS,DAVIS,S0936,2,0.01203,0.926786911557429,0
Davis,DAVIS,DAVIS,S0935,1,0.00873,0.858155942987651,0
Davis,DAVIS,DAVIS,S0927,1,0.00603,0.919191019318532,0
Davis,DAVIS,DAVIS,S0913,2,0.01674,0.864017007115763,0
Davis,DAVIS,DAVIS,S0899,1,0.00955,0.940899853478186,0
Davis,DAVIS,DAVIS,S0832,3,0.00013,0.803598646016326,0
Davis,DAVIS,DAVIS,S0832,2,9e-05,0.83849826361984,0
Davis,DAVIS,DAVIS,S0821,1,0.00514,0.867328512831591,0
Davis,DAVIS,DAVIS,S0780,1,0.00533,0.894977753108833,0
Davis,DAVIS,DAVIS,S0754,1,0.00788,0.97519720508717,0
Davis,DAVIS,DAVIS,S0742,1,0.00694,0.750381333054975,0
Davis,DAVIS,DAVIS,S0731,1,0.00619,0.890996794216335,0
Davis,DAVIS,DAVIS,S0727,3,0.02517,0.860941141145304,0
Davis,DAVIS,DAVIS,S0707,2,0.01252,0.908452782139648,0
Davis,DAVIS,DAVIS,S0705,2,0.01265,0.816714516375214,0
Davis,DAVIS,DAVIS,S0681,1,0.00765,0.791327116312459,0
Davis,DAVIS,DAVIS,S0680,2,0.01422,0.827163747511804,0
Davis,DAVIS,DAVIS,S0672,1,0.00876,0.79616651951801,0
Davis,DAVIS,DAVIS,S0661,3,0.00279,0.984582272416446,0
Davis,DAVIS,DAVIS,S0644,1,0.00711,0.954566796426661,0
Davis,DAVIS,DAVIS,S0620,2,0.00912,0.927071594633162,0
Davis,DAVIS,DAVIS,S0605,1,0.00404,0.812923299788963,0
Davis,DAVIS,DAVIS,S0560,1,0.00767,0.773050457355566,0
Davis,DAVIS,DAVIS,S0546,2,0.01549,0.954488785995636,0
Davis,DAVIS,DAVIS,S0542,1,0.00618,0.775923438486643,0
Davis,DAVIS,DAVIS,S0541,3,0.0293,0.845445294631645,0
Davis,DAVIS,DAVIS,S0528,1,0.0102,0.763258702296298,0
Davis,DAVIS,DAVIS,S0518,1,0.00775,0.820467159384862,0
Davis,DAVIS,DAVIS,S0515,1,0.00541,0.839562831213698,0
Davis,DAVIS,DAVIS,S0507,1,0.00688,0.834845468343701,0
Davis,DAVIS,DAVIS,S0506,2,0.01144,0.813156081887428,0
Davis,DAVIS,DAVIS,S0505,1,0.00951,0.813332964142319,0
Davis,DAVIS,DAVIS,S1324,1,0.01084,0.931732981407549,0
Davis,DAVIS,DAVIS,S1345,2,0.01103,0.879662926367018,0
Davis,DAVIS,DAVIS,S0447,1,0.00512,0.755620134121273,0
Davis,DAVIS,DAVIS,S0446,1,0.00521,0.982014583249111,0
Davis,DAVIS,DAVIS,S0437,1,0.00573,0.999465222645085,0
Davis,DAVIS,DAVIS,S0424,1,0.00748,0.792485945334192,0
Davis,DAVIS,DAVIS,S0408,1,0.00753,0.859672637947369,0
Davis,DAVIS,DAVIS,S0358,1,0.00668,0.750169213511981,0
Davis,DAVIS,DAVIS,S0336,1,0.00553,0.768494103685953,0
Davis,DAVIS,DAVIS,S0335,2,0.01625,0.806120677269064,0
Davis,DAVIS,DAVIS,S0334,3,0.02956,0.774271216301713,0
Davis,DAVIS,DAVIS,S0329,2,0.01257,0.931903470889665,0
Davis,DAVIS,DAVIS,S0311,1,0.00775,0.925292194995563,0
Davis,DAVIS,DAVIS,S0307,1,0.00692,0.926038072211668,0
Davis,DAVIS,DAVIS,S0285,1,0.00611,0.976126899127848,0
Davis,DAVIS,DAVIS,S0276,1,0.00555,0.912304211640731,0
Davis,DAVIS,DAVIS,S0268,1,0.00385,0.888183734437916,0
Davis,DAVIS,DAVIS,S0238,3,0.0291,0.862996812269557,0
Davis,DAVIS,DAVIS,S0222,1,0.00409,0.959273959102575,0
Davis,DAVIS,DAVIS,S0219,1,0.00698,0.885238177434076,0
Davis,DAVIS,DAVIS,S0200,1,0.00682,0.804328249127138,0
Davis,DAVIS,DAVIS,S0199,1,0.00567,0.839162863208912,0
Davis,DAVIS,DAVIS,S0196,3,0.02646,0.999546110222582,0
Davis,DAVIS,DAVIS,S0174,2,0.01204,0.846061451535206,0
Davis,DAVIS,DAVIS,S0173,1,0.00481,0.857581660209689,0
Davis,DAVIS,DAVIS,S0172,2,0.0123,0.828839047928341,0
Davis,DAVIS,DAVIS,S0169,2,0.01208,0.884861965081654,0
Davis,DAVIS,DAVIS,S0134,1,0.0093,0.760073397133965,0
Davis,DAVIS,DAVIS,S0124,1,0.00795,0.824798374727834,0
Davis,DAVIS,DAVIS,S0107,1,0.00651,0.871143155731261,0
Davis,DAVIS,DAVIS,S0106,2,0.00868,0.811755890899803,0
Davis,DAVIS,DAVIS,S0105,3,0.02089,0.87689079210395,0
Davis,DAVIS,DAVIS,S0104,1,0.00563,0.855346053256653,0
Davis,DAVIS,DAVIS,S0093,1,0.01145,0.76022965752054,0
Davis,DAVIS,DAVIS,S0037,1,0.00741,0.94761362625286,0
Davis,DAVIS,DAVIS,S0005,1,0.00408,0.773082812607754,0
Davis,DAVIS,DAVIS,S0003,1,0.00816,0.911182420852128,0
Duchesne,DUCHESNE,DUCHESNE,S1059,3,0.22338,0.824178959825076,0
Duchesne,DUCHESNE,DUCHESNE,S1005,1,0.01951,0.757339562289417,0
Duchesne,DUCHESNE,DUCHESNE,S1004,3,0.01059,0.997302091389429,0
Duchesne,DUCHESNE,DUCHESNE,S1004,2,0.0081,0.940616750682238,0
Duchesne,DUCHESNE,DUCHESNE,S0863,2,0.15694,0.914689716533758,0
Duchesne,DUCHESNE,DUCHESNE,S0692,1,0.03135,0.83617782604415,0
Duchesne,DUCHESNE,DUCHESNE,S0684,1,0.02034,0.971722537127789,0
Duchesne,DUCHESNE,DUCHESNE,S0517,1,0.09716,0.941278074518777,0
Duchesne,DUCHESNE,DUCHESNE,S0290,1,0.06643,0.880942606483586,0
Duchesne,DUCHESNE,DUCHESNE,S0274,1,0.07536,0.864740686956793,0
Duchesne,DUCHESNE,DUCHESNE,S0273,3,0.05917,0.870844602177385,0
Duchesne,DUCHESNE,DUCHESNE,S0273,2,0.02636,0.961370207893196,0
Duchesne,DUCHESNE,DUCHESNE,S0202,3,0.00042,0.820535951294005,0
Duchesne,DUCHESNE,DUCHESNE,S0202,2,0.00042,0.778385848505422,0
Duchesne,DUCHESNE,DUCHESNE,S0202,1,0.00332,0.864742468984332,0
Duchesne,DUCHESNE,DUCHESNE,S0171,1,0.08221,0.9451138835866,0
Duchesne,DUCHESNE,DUCHESNE,S0017,1,0.06228,0.778423532960005,0
Duchesne,DUCHESNE,DUCHESNE,S0016,3,0.03695,0.982311823929194,0
Duchesne,DUCHESNE,DUCHESNE,S0016,2,0.01972,0.880255896772724,0
Duchesne,UINTAH,UINTAH,S0279,2,0.01397,0.910884005017579,0
Duchesne,UINTAH,UINTAH,S0279,1,0.02389,0.905550305731595,0
Emery,EMERY,EMERY,S0897,2,0.10731,0.786679201875813,0
Emery,EMERY,EMERY,S0458,1,0.10573,0.787933448096737,0
Emery,EMERY,EMERY,S0397,3,0.01841,0.914224895124789,0
Emery,EMERY,EMERY,S0397,2,0.02683,0.952065504796337,0
Emery,EMERY,EMERY,S0340,1,0.08943,0.859127461619209,0
Emery,EMERY,EMERY,S0309,3,0.30352,0.808954369800631,0
Emery,EMERY,EMERY,S0216,1,0.05155,0.789510278496891,0
Emery,EMERY,EMERY,S0198,1,0.06418,0.923773284303024,0
Emery,EMERY,EMERY,S0153,1,0.06207,0.977557724574581,0
Emery,EMERY,EMERY,S0143,2,0.11994,0.813802846067119,0
Emery,EMERY,EMERY,S0102,1,0.05103,0.756820836046245,0
Garfield,,GARFIELD,S1047,3,0.004,0.989600549393799,0
Garfield,GARFIELD,GARFIELD,S0769,1,0.284,0.97248272242723,0
Garfield,GARFIELD,GARFIELD,S0767,3,0.17867,0.7881687443587,0
Garfield,GARFIELD,GARFIELD,S0767,2,0.03733,0.890856442099903,0
Garfield,GARFIELD,GARFIELD,S0321,1,0.104,0.878290405555163,0
Garfield,GARFIELD,GARFIELD,S0320,3,0.05467,0.960059866309166,0
Garfield,GARFIELD,GARFIELD,S0320,2,0.028,0.994483706483152,0
Garfield,GARFIELD,GARFIELD,S0123,1,0.164,0.784384970553219,0
Garfield,GARFIELD,GARFIELD,S0122,3,0.10533,0.886946597136557,0
Garfield,GARFIELD,GARFIELD,S0122,2,0.032,0.910927860473748,0
Garfield,GARFIELD,GARFIELD,S0103,1,0.008,0.943801099667326,0
Grand,,GRAND,S0624,2,0.00137,0.898661885119509,0
Grand,,GRAND,S0624,1,0.05007,0.921680982282851,0
Grand,,GRAND,S0242,3,0.01029,0.882926746562589,0
Grand,GRAND,GRAND,S0596,2,0.14952,0.906216466682963,0
Grand,GRAND,GRAND,S0422,1,0.46708,0.962470380123705,0
Grand,GRAND,GRAND,S0384,3,0.32167,0.899648040067405,0
Iron,,IRON,S0979,3,0.01672,0.967486180772539,0
Iron,,IRON,S0666,3,0.00218,0.989615630183835,0
Iron,,IRON,S0640,2,0.00101,0.770839541160967,0
Iron,,IRON,S0375,2,0.03133,0.977442846866325,0
Iron,,IRON,S0375,1,0.16864,0.773927282192744,0
Iron,,IRON,S0260,3,0.0014,0.793676188739482,0
Iron,,IRON,S1339,2,0.00303,0.870925288938452,0
Iron,,IRON,S1339,1,0.01454,0.777474512229674,0
Iron,IRON,IRON,S1026,1,0.05186,0.864844783151057,0
Iron,IRON,IRON,S0953,3,0.0084,0.982830499531701,0
Iron,IRON,IRON,S0785,1,0.03421,0.94389069621684,0
Iron,IRON,IRON,S0784,3,0.01765,0.763074426911771,0
Iron,IRON,IRON,S0784,2,0.00933,0.80280533345649,0
Iron,IRON,IRON,S0535,3,0.01446,0.999956168234348,0
Iron,IRON,IRON,S0474,1,0.04704,0.838282647833694,0
Iron,IRON,IRON,S0341,1,0.03981,0.881979455123655,0
Iron,IRON,IRON,S0323,1,0.01244,0.995101973472629,0
Iron,IRON,IRON,S0312,1,0.03903,0.880426779331174,0
Iron,IRON,IRON,S0165,1,0.04354,0.854952796653379,0
Iron,IRON,IRON,S0160,1,0.04883,0.769287949719001,0
Iron,IRON,IRON,S0159,2,0.09081,0.907163108582608,0
Iron,IRON,IRON,S0158,1,0.04439,0.75062183837872,0
Iron,IRON,IRON,S0157,3,0.10418,0.828226440353319,0
Iron,IRON,IRON,S0142,2,0.07339,0.989567846118007,0
Iron,IRON,IRON,S0140,3,0.08179,0.751845372724347,0
Juab,JUAB,JUAB,S0825,1,0.19544,0.917101062135771,0
Juab,JUAB,JUAB,S0690,1,0.13612,0.955578215129208,0
Juab,JUAB,JUAB,S0625,1,0.10228,0.77360770344967,0
Juab,JUAB,JUAB,S0495,2,0.23194,0.894929584406782,0
Juab,JUAB,JUAB,S0494,3,0.33422,0.937626812432427,0
Juab,TINTIC,TINTIC,S1137,3,0.02732,0.842570801847614,0
Juab,TINTIC,TINTIC,S1137,2,0.01093,0.874282510892954,0
Juab,TINTIC,TINTIC,S1136,1,0.12022,0.796880132518709,0
Juab,TINTIC,TINTIC,S1034,3,0.01639,0.95278893871,0
Juab,TINTIC,TINTIC,S1034,2,0.37158,0.870588121237233,0
Juab,TINTIC,TINTIC,S0326,1,0.45355,0.84071827417938,0
Kane,KANE,KANE,S1081,1,0.10654,0.791225348250009,0
Kane,KANE,KANE,S1077,3,0.07641,0.79956611583475,0
Kane,KANE,KANE,S1077,2,0.03527,0.945001134823542,0
Kane,KANE,KANE,S0524,1,0.00367,0.961876808374655,0
Kane,KANE,KANE,S0500,1,0.38281,0.862516557506751,0
Kane,KANE,KANE,S0499,2,0.1183,0.851621414767578,0
Kane,KANE,KANE,S0498,3,0.2388,0.928984036610927,0
Kane,KANE,KANE,S0081,1,0.02792,0.984251948131714,0
Kane,KANE,KANE,S0080,2,0.01029,0.843925436260179,0
Millard,,MILLARD,S1161,3,0.00535,0.840253395494074,0
Millard,,MILLARD,S1161,2,0.00668,0.961613544612192,0
Millard,MILLARD,MILLARD,S0618,3,0.11664,0.80924198415596,0
Millard,MILLARD,MILLARD,S0373,1,0.00267,0.776398437039461,0
Millard,MILLARD,MILLARD,S0345,1,0.14372,0.981138383736834,0
Millard,MILLARD,MILLARD,S0344,2,0.11263,0.939648143365048,0
Millard,MILLARD,MILLARD,S0324,3,0.00401,0.905584911233746,0
Millard,MILLARD,MILLARD,S0324,2,0.00234,0.91039537708275,0
Millard,MILLARD,MILLARD,S0248,1,0.0732,0.799036939919461,0
Millard,MILLARD,MILLARD,S0247,1,0.13937,0.750031152856536,0
Millard,MILLARD,MILLARD,S0246,2,0.1006,0.988856951880734,0
Millard,MILLARD,MILLARD,S0246,1,0.0986,0.886307029228192,0
Millard,MILLARD,MILLARD,S0245,3,0.19418,0.771366654022131,0
Morgan,MORGAN,MORGAN,S0659,1,0.13322,0.95763508672826,0
Morgan,MORGAN,MORGAN,S0657,2,0.16099,0.945424315868877,0
Morgan,MORGAN,MORGAN,S0645,1,0.17587,0.753951075545046,0
Morgan,MORGAN,MORGAN,S0642,2,0.15669,0.822098914417438,0
Morgan,MORGAN,MORGAN,S0641,3,0.37322,0.873264340567403,0
Piute,PIUTE,PIUTE,S1323,3,0.00733,0.975077936251182,0
Piute,PIUTE,PIUTE,S1323,2,0.05134,0.87070040818071,0
Piute,PIUTE,PIUTE,S1323,1,0.33496,0.837996332556941,0
Piute,PIUTE,PIUTE,S0796,3,0.22249,0.837905072257854,0
Piute,PIUTE,PIUTE,S0796,2,0.0978,0.782685879617929,0
Piute,PIUTE,PIUTE,S0761,1,0.05379,0.983270198339596,0
Piute,PIUTE,PIUTE,S0192,1,0.23227,0.774214532633778,0
Rich,RICH,RICH,S0943,1,0.21107,0.9524332388537,0
Rich,RICH,RICH,S0835,2,0.2377,0.868995847995393,0
Rich,RICH,RICH,S0834,3,0.33402,0.808842095138971,0
Rich,RICH,RICH,S0715,1,0.21721,0.921578680514358,0
Salt Lake,,CANYONS,S1121,3,0.00856,0.968201509502251,0
Salt Lake,,CANYONS,S1121,2,0.00247,0.996833519195206,0
Salt Lake,,CANYONS,S1121,1,0.0125,0.90432040556334,0
Salt Lake,,GRANITE,S1113,2,0.00176,0.868603013281245,0
Salt Lake,,GRANITE,S1113,1,0.00822,0.958856743469369,0
Salt Lake,,GRANITE,S0806,3,0.00031,0.926809037744533,0
Salt Lake,,GRANITE,S0806,2,0.00017,0.764551027910784,0
Salt Lake,,GRANITE,S1102,2,0.00273,0.804707338800654,0
Salt Lake,,GRANITE,S1102,1,0.00982,0.890752312727273,0
Salt Lake,,SALT LAKE,S1101,2,0.00522,0.855578581104055,0
Salt Lake,,SALT LAKE,S1101,1,0.02007,0.81900206633145,0
Salt Lake,,GRANITE,S1327,3,0.00339,0.934970863861963,0
Salt Lake,,GRANITE,S1327,2,0.00428,0.791148313961457,0
Salt Lake,,GRANITE,S1327,1,0.01258,0.915385482949205,0
Salt Lake,,GRANITE,S1087,3,0.00615,0.938889460638165,0
Salt Lake,,GRANITE,S1087,2,0.00413,0.892909726535436,0
Salt Lake,,GRANITE,S1068,3,0.0024,0.904614937026054,0
Salt Lake,,GRANITE,S1068,2,0.00061,0.843105431238655,0
Salt Lake,,SALT LAKE,S0599,2,0.00456,0.865861358935945,0
Salt Lake,,SALT LAKE,S0599,1,0.00945,0.840276262664702,0
Salt Lake,,GRANITE,S0985,2,0.00013,0.959148847148754,0
Salt Lake,,GRANITE,S0985,1,0.00083,0.750234756967984,0
Salt Lake,,JORDAN,S0984,2,0.00358,0.889570229395758,0
Salt Lake,,JORDAN,S0984,1,0.00927,0.831997961679008,0
Salt Lake,,JORDAN,S0982,3,0.00902,0.941547459398862,0
Salt Lake,,CANYONS,S0981,2,0.00309,0.872814465023112,0
Salt Lake,,CANYONS,S0981,1,0.01196,0.907692533219233,0
Salt Lake,,JORDAN,S0982,1,0.00848,0.913432741363067,0
Salt Lake,,GRANITE,S0970,2,0.00077,0.944988636532798,0
Salt Lake,,GRANITE,S0970,1,0.00198,0.761731343343854,0
Salt Lake,,SALT LAKE,S0892,3,0.01422,0.784991078660823,0
Salt Lake,,SALT LAKE,S0891,2,0.00829,0.911170547420625,0
Salt Lake,,SALT LAKE,S0891,1,0.00854,0.813305323652457,0
Salt Lake,,GRANITE,S0885,2,0.00053,0.794745650899131,0
Salt Lake,,GRANITE,S0885,1,0.00279,0.965512663999107,0
Salt Lake,,CANYONS,S0880,2,0.00908,0.907670713902917,0
Salt Lake,,CANYONS,S0879,1,0.01286,0.870111631171312,0
Salt Lake,,JORDAN,S0877,2,0.00025,0.892774119565729,0
Salt Lake,,JORDAN,S0877,1,0.00089,0.984112727106549,0
Salt Lake,,SALT LAKE,S1280,2,0.00995,0.997731128532905,0
Salt Lake,,SALT LAKE,S1279,3,0.01385,0.913775951950811,0
Salt Lake,,SALT LAKE,S0871,1,0.01509,0.973893889167812,0
Salt Lake,,GRANITE,S0865,3,0.00378,0.891553588735405,0
Salt Lake,,SALT LAKE,S0828,2,0.00017,0.832366879621986,0
Salt Lake,,SALT LAKE,S0828,1,5e-04,0.99682813702384,0
Salt Lake,,JORDAN,S0809,3,0.00947,0.935378851601854,0
Salt Lake,,JORDAN,S0809,2,0.00842,0.985772843996529,0
Salt Lake,,JORDAN,S0809,1,0.01365,0.881024885049555,0
Salt Lake,,GRANITE,S0807,2,0.00039,0.901397166424431,0
Salt Lake,,GRANITE,S0807,1,0.00165,0.896963007457089,0
Salt Lake,,SALT LAKE,S1325,1,0.00037,0.882517334423028,0
Salt Lake,,CANYONS,S0790,3,0.00093,0.974058147228789,0
Salt Lake,,CANYONS,S0790,2,0.00075,0.986861014622264,0
Salt Lake,,JORDAN,S0771,3,0.00386,0.772933047963306,0
Salt Lake,,JORDAN,S0771,2,0.0018,0.83764620119473,0
Salt Lake,,SALT LAKE,S0765,2,0.0034,0.947286857292056,0
Salt Lake,,SALT LAKE,S0765,1,0.01053,0.989492846769281,0
Salt Lake,,JORDAN,S0764,3,0.00019,0.855709320458118,0
Salt Lake,,JORDAN,S0764,1,6e-05,0.798646080307662,0
Salt Lake,,SALT LAKE,S0762,2,0.00357,0.926766003307421,0
Salt Lake,,SALT LAKE,S0762,1,0.00493,0.870268106635194,0
Salt Lake,,JORDAN,S0630,3,3e-05,0.992352829314768,0
Salt Lake,,JORDAN,S0630,1,0.00028,0.857164424727671,0
Salt Lake,,SALT LAKE,S0750,1,0.01157,0.778571206261404,0
Salt Lake,,JORDAN,S0720,2,0.0025,0.803107550600544,0
Salt Lake,,JORDAN,S0720,1,0.00555,0.998477224027738,0
Salt Lake,,JORDAN,S0688,2,0.00069,0.786757396941539,0
Salt Lake,,JORDAN,S0688,1,0.00495,0.829105283424724,0
Salt Lake,,JORDAN,S0674,2,0.00136,0.863568835658953,0
Salt Lake,,JORDAN,S0674,1,0.00561,0.950829157722183,0
Salt Lake,,MURRAY,S0654,3,0.00566,0.806252200796735,0
Salt Lake,,MURRAY,S1322,2,0.0042,0.796882477705367,0
Salt Lake,,MURRAY,S1322,1,0.00876,0.837804524984676,0
Salt Lake,,GRANITE,S0635,2,0.00213,0.953048766008578,0
Salt Lake,,GRANITE,S0635,1,0.00844,0.807403914339375,0
Salt Lake,,GRANITE,S0584,3,0.00107,0.8317585841869,0
Salt Lake,,GRANITE,S0584,2,0.00113,0.839445569261443,0
Salt Lake,,GRANITE,S0584,1,0.00243,0.759516163030639,0
Salt Lake,,SALT LAKE,S0577,2,0.00261,0.889926140313037,0
Salt Lake,,SALT LAKE,S0577,1,0.01642,0.908586500678211,0
Salt Lake,,GRANITE,S0521,3,0.00042,0.99206895835232,0
Salt Lake,,GRANITE,S0521,2,5e-05,0.800010454142466,0
Salt Lake,,GRANITE,S0510,2,0.00028,0.868189982429612,0
Salt Lake,,GRANITE,S0510,1,0.00086,0.774780702486169,0
Salt Lake,,SALT LAKE,S0497,3,0.0291,0.94034770334838,0
Salt Lake,,CANYONS,S0496,3,0.0169,0.945014522993006,0
Salt Lake,,SALT LAKE,S0477,2,0.00319,0.757353794295341,0
Salt Lake,,SALT LAKE,S0477,1,0.009,0.940724666172173,0
Salt Lake,,JORDAN,S0475,3,0.0054,0.980483420775272,0
Salt Lake,,GRANITE,S0472,3,0.00013,0.774646850652061,0
Salt Lake,,GRANITE,S0472,2,0.00013,0.78831692627864,0
Salt Lake,,GRANITE,S0472,1,0.00158,0.824435315909795,0
Salt Lake,,CANYONS,S0470,3,0.00237,0.75671529234387,0
Salt Lake,,CANYONS,S0471,2,0.00198,0.827291054534726,0
Salt Lake,,CANYONS,S0471,1,0.00275,0.801815622020513,0
Salt Lake,,JORDAN,S0416,1,0.00893,0.862329110328574,0
Salt Lake,,JORDAN,S0415,2,0.00382,0.807158391922712,0
Salt Lake,,JORDAN,S0415,1,0.00756,0.951649751688819,0
Salt Lake,,SALT LAKE,S0404,1,0.01053,0.946430177311413,0
Salt Lake,,CANYONS,S0383,1,0.00021,0.944014745182358,0
Salt Lake,,CANYONS,S0374,3,0.00082,0.839899085578509,0
Salt Lake,,SALT LAKE,S0631,1,0.00124,0.892593412485439,0
Salt Lake,,GRANITE,S0325,2,0.00041,0.980187538894825,0
Salt Lake,,GRANITE,S0325,1,0.00902,0.784024718450382,0
Salt Lake,,GRANITE,S0317,2,0.00223,0.834682765125763,0
Salt Lake,,GRANITE,S0317,1,0.0054,0.979374971182551,0
Salt Lake,,GRANITE,S0316,2,0.00253,0.846053743734956,0
Salt Lake,,GRANITE,S0316,1,0.00667,0.806268315063789,0
Salt Lake,,GRANITE,S0310,1,0.00334,0.835631691676099,0
Salt Lake,,GRANITE,S0284,3,0.00508,0.991622109955642,0
Salt Lake,,JORDAN,S0282,2,0.00455,0.807945020962507,0
Salt Lake,,JORDAN,S0282,1,0.01138,0.960708994825836,0
Salt Lake,,SALT LAKE,S0272,2,0.00456,0.933048368140589,0
Salt Lake,,SALT LAKE,S0272,1,0.01244,0.96212087123422,0
Salt Lake,,JORDAN,S0208,3,0.00099,0.813271009013988,0
Salt Lake,,JORDAN,S0208,2,0.0016,0.894080076075625,0
Salt Lake,,SALT LAKE,S0193,3,0.00431,0.773435751441866,0
Salt Lake,,SALT LAKE,S0193,2,0.00129,0.763970762549434,0
Salt Lake,,GRANITE,S0188,1,0.00024,0.917202258831821,0
Salt Lake,,CANYONS,S0185,2,0.00437,0.785898863279726,0
Salt Lake,,CANYONS,S0185,1,0.01116,0.857978374522645,0
Salt Lake,,JORDAN,S0184,1,0.00096,0.950226686138194,0
Salt Lake,,GRANITE,S0183,1,0.00045,0.966146037157159,0
Salt Lake,,CANYONS,S0180,2,0.00069,0.976355459657498,0
Salt Lake,,CANYONS,S0180,1,0.00784,0.765327635919675,0
Salt Lake,,SALT LAKE,S0178,2,0.00269,0.880848472879734,0
Salt Lake,,SALT LAKE,S0178,1,0.00941,0.901900638535153,0
Salt Lake,,SALT LAKE,S0150,3,0.00012,0.999775618663989,0
Salt Lake,,SALT LAKE,S0150,2,8e-05,0.848960588104092,0
Salt Lake,,SALT LAKE,S0150,1,0.00133,0.798672819102649,0
Salt Lake,,SALT LAKE,S0149,2,0.00199,0.902882705500815,0
Salt Lake,,SALT LAKE,S0149,1,0.01028,0.854044165753294,0
Salt Lake,,GRANITE,S0137,1,0.00803,0.807769705948886,0
Salt Lake,,CANYONS,S0087,2,0.00023,0.913203206611797,0
Salt Lake,,CANYONS,S0087,1,0.00309,0.832148221554235,0
Salt Lake,,CANYONS,S0070,1,0.01126,0.992366763588507,0
Salt Lake,,CANYONS,S1330,3,0.0044,0.867801060085185,0
Salt Lake,,CANYONS,S1330,2,0.00627,0.86750769574428,0
Salt Lake,,JORDAN,S0057,3,3e-05,0.895854634873103,0
Salt Lake,,JORDAN,S0057,2,0.00011,0.946087754215114,0
Salt Lake,,JORDAN,S0057,1,0.00034,0.784771773498505,0
Salt Lake,,CANYONS,S0055,1,0.00064,0.821192953095306,0
Salt Lake,,GRANITE,S0047,1,0.00643,0.823165935638826,0
Salt Lake,,JORDAN,S0046,2,0.00316,0.989079672202934,0
Salt Lake,,JORDAN,S0046,1,0.00842,0.887401075742673,0
Salt Lake,,JORDAN,S0024,3,0.00077,0.917452877038158,0
Salt Lake,,JORDAN,S0024,2,0.00031,0.905157308443449,0
Salt Lake,,JORDAN,S0024,1,8e-04,0.920202117180452,0
Salt Lake,,GRANITE,S0032,1,0.01009,0.830707276880275,0
Salt Lake,,CANYONS,S0030,3,0.00638,0.757370212813839,0
Salt Lake,,CANYONS,S0030,2,0.00939,0.861793250660412,0
Salt Lake,,CANYONS,S0029,1,0.02631,0.77635635191109,0
Salt Lake,,GRANITE,S0028,3,0.00607,0.955493549292441,0
Salt Lake,,GRANITE,S0028,2,0.00637,0.992336115683429,0
Salt Lake,,GRANITE,S0028,1,0.01056,0.912848688894883,0
Salt Lake,,CANYONS,S0027,1,0.01507,0.752323389227968,0
Salt Lake,,SALT LAKE,S1319,3,0.00328,0.835638284566812,0
Salt Lake,,SALT LAKE,S1319,2,0.00282,0.770059749891516,0
Salt Lake,,SALT LAKE,S1319,1,0.00365,0.976187207212206,0
Salt Lake,,JORDAN,S0020,2,0.00168,0.784230921766721,0
Salt Lake,,JORDAN,S0007,1,0.00541,0.776720373833086,0
Salt Lake,,GRANITE,S0001,3,0.00703,0.827780850930139,0
Salt Lake,CANYONS,CANYONS,S1170,1,0.01309,0.947678552358411,0
Salt Lake,CANYONS,CANYONS,S1168,1,0.00712,0.929934732906986,0
Salt Lake,CANYONS,CANYONS,S1060,2,0.02363,0.825692083162721,0
Salt Lake,CANYONS,CANYONS,S0992,1,0.01677,0.969351577863563,0
Salt Lake,CANYONS,CANYONS,S0969,1,0.00805,0.754195119487122,0
Salt Lake,CANYONS,CANYONS,S0918,1,0.01281,0.793635825975798,0
Salt Lake,CANYONS,CANYONS,S0901,1,0.01188,0.873023554333486,0
Salt Lake,CANYONS,CANYONS,S0839,1,0.0127,0.950404390110634,0
Salt Lake,CANYONS,CANYONS,S0818,1,0.00931,0.940362475172151,0
Salt Lake,CANYONS,CANYONS,S0788,1,0.0143,0.782884119893424,0
Salt Lake,CANYONS,CANYONS,S0775,1,0.0081,0.944928846030962,0
Salt Lake,CANYONS,CANYONS,S0735,1,0.00831,0.844963429262862,0
Salt Lake,CANYONS,CANYONS,S0732,1,0.01165,0.799271565279923,0
Salt Lake,CANYONS,CANYONS,S0649,2,0.01918,0.898910657677334,0
Salt Lake,CANYONS,CANYONS,S0613,1,0.01602,0.771962886326946,0
Salt Lake,CANYONS,CANYONS,S0612,1,0.01466,0.979037884506397,0
Salt Lake,CANYONS,CANYONS,S0611,2,0.01957,0.848773316538427,0
Salt Lake,CANYONS,CANYONS,S0573,1,0.01211,0.916831645125058,0
Salt Lake,CANYONS,CANYONS,S0492,3,0.00059,0.913179553521331,0
Salt Lake,CANYONS,CANYONS,S0492,2,0.00026,0.844005179184023,0
Salt Lake,CANYONS,CANYONS,S0492,1,0.00064,0.782676167553291,0
Salt Lake,CANYONS,CANYONS,S0489,3,0.04236,0.877300659834873,0
Salt Lake,CANYONS,CANYONS,S0466,2,0.02806,0.817674189049285,0
Salt Lake,CANYONS,CANYONS,S0438,3,0.06113,0.800416728015989,0
Salt Lake,CANYONS,CANYONS,S0389,1,0.00733,0.815817325434182,0
Salt Lake,CANYONS,CANYONS,S1303,1,0.0142,0.752299888059497,0
Salt Lake,CANYONS,CANYONS,S0292,2,0.01353,0.763765587063972,0
Salt Lake,CANYONS,CANYONS,S0289,1,0.00867,0.920364743797109,0
Salt Lake,CANYONS,CANYONS,S0287,1,0.01224,0.973827857524157,0
Salt Lake,CANYONS,CANYONS,S0270,1,0.01715,0.831952895794529,0
Salt Lake,CANYONS,CANYONS,S0269,2,0.03675,0.798533142660744,0
Salt Lake,CANYONS,CANYONS,S0254,3,0.00406,0.79066058882745,0
Salt Lake,CANYONS,CANYONS,S0221,1,0.01108,0.972586594987661,0
Salt Lake,CANYONS,CANYONS,S0214,3,0.06208,0.893026569858193,0
Salt Lake,CANYONS,CANYONS,S0210,1,0.0081,0.984810483467299,0
Salt Lake,CANYONS,CANYONS,S0145,1,0.01227,0.888007742818445,0
Salt Lake,CANYONS,CANYONS,S0127,1,0.01543,0.990586872969288,0
Salt Lake,CANYONS,CANYONS,S0126,2,0.02469,0.86037199239945,0
Salt Lake,CANYONS,CANYONS,S0120,1,0.00818,0.948904429329559,0
Salt Lake,CANYONS,CANYONS,S0116,3,0.06306,0.822959188721143,0
Salt Lake,CANYONS,CANYONS,S0073,1,0.00527,0.987905151967425,0
Salt Lake,CANYONS,CANYONS,S0018,1,0.0143,0.964619924197905,0
Salt Lake,CANYONS,CANYONS,S0015,1,0.01373,0.904949330491945,0
Salt Lake,CANYONS,CANYONS,S0014,3,0.05614,0.898954774136655,0
Salt Lake,CANYONS,CANYONS,S0009,2,0.02513,0.866348217707127,0
Salt Lake,GRANITE,GRANITE,S1182,3,0.00013,0.836286439734977,0
Salt Lake,GRANITE,GRANITE,S1181,1,0.00847,0.945986916311085,0
Salt Lake,GRANITE,GRANITE,S1177,1,0.00712,0.886103794910014,0
Salt Lake,GRANITE,GRANITE,S1167,1,0.00924,0.773943030857481,0
Salt Lake,GRANITE,GRANITE,S1165,1,0.00789,0.755183246335946,0
Salt Lake,GRANITE,GRANITE,S1150,1,0.00847,0.895243399252649,0
Salt Lake,GRANITE,GRANITE,S1145,2,0.01561,0.955215522786602,0
Salt Lake,GRANITE,GRANITE,S1144,1,0.0078,0.836908641795162,0
Salt Lake,GRANITE,GRANITE,S1106,2,0.01326,0.902115372417029,0
Salt Lake,GRANITE,GRANITE,S1097,1,0.00797,0.83833345543826,0
Salt Lake,GRANITE,GRANITE,S1079,2,0.01194,0.977083635982126,0
Salt Lake,GRANITE,GRANITE,S1076,1,0.00701,0.758762660552748,0
Salt Lake,GRANITE,GRANITE,S1061,1,0.00646,0.8886003504158,0
Salt Lake,GRANITE,GRANITE,S1022,1,0.00461,0.857380447909236,0
Salt Lake,GRANITE,GRANITE,S1020,2,0.01412,0.812382478092331,0
Salt Lake,GRANITE,GRANITE,S1010,1,0.00489,0.775335881859064,0
Salt Lake,GRANITE,GRANITE,S1009,3,0.03853,0.90096282993909,0
Salt Lake,GRANITE,GRANITE,S0974,1,0.00905,0.929974713362753,0
Salt Lake,GRANITE,GRANITE,S0940,1,0.0067,0.791801837855019,0
Salt Lake,GRANITE,GRANITE,S0923,3,0.03376,0.863745834387373,0
Salt Lake,GRANITE,GRANITE,S0916,1,0.00544,0.922147257137112,0
Salt Lake,GRANITE,GRANITE,S0906,2,0.01461,0.790854264516383,0
Salt Lake,GRANITE,GRANITE,S0870,1,0.00444,0.769761805422604,0
Salt Lake,GRANITE,GRANITE,S0862,1,0.00538,0.772825628810097,0
Salt Lake,GRANITE,GRANITE,S0855,1,0.00344,0.783102115092333,0
Salt Lake,GRANITE,GRANITE,S0802,1,0.00706,0.802325764147099,0
Salt Lake,GRANITE,GRANITE,S0799,1,0.00591,0.816165866330266,0
Salt Lake,GRANITE,GRANITE,S0795,1,0.00461,0.845518734655343,0
Salt Lake,GRANITE,GRANITE,S0789,1,0.00543,0.966965762432665,0
Salt Lake,GRANITE,GRANITE,S0749,2,0.01241,0.815147566609085,0
Salt Lake,GRANITE,GRANITE,S0748,3,0.03316,0.849315636209212,0
Salt Lake,GRANITE,GRANITE,S0747,1,0.00924,0.769109044398647,0
Salt Lake,GRANITE,GRANITE,S0739,1,0.00798,0.989207604259718,0
Salt Lake,GRANITE,GRANITE,S0738,1,0.00381,0.909137230599299,0
Salt Lake,GRANITE,GRANITE,S0691,1,0.0083,0.778564897656906,0
Salt Lake,GRANITE,GRANITE,S0646,1,0.00888,0.940308780816849,0
Salt Lake,GRANITE,GRANITE,S0626,1,0.00522,0.839225928648375,0
Salt Lake,GRANITE,GRANITE,S0579,1,0.0069,0.868820359464735,0
Salt Lake,GRANITE,GRANITE,S0562,1,0.00723,0.825365396041889,0
Salt Lake,GRANITE,GRANITE,S0525,1,0.00435,0.90781877504196,0
Salt Lake,GRANITE,GRANITE,S0509,2,0.01064,0.871967766201124,0
Salt Lake,GRANITE,GRANITE,S0508,3,0.03246,0.838634459301829,0
Salt Lake,GRANITE,GRANITE,S0487,2,0.01158,0.92067692137789,0
Salt Lake,GRANITE,GRANITE,S0486,1,0.00505,0.896919684833847,0
Salt Lake,GRANITE,GRANITE,S0484,1,0.00405,0.999122586101294,0
Salt Lake,GRANITE,GRANITE,S0479,1,0.00648,0.908881234936416,0
Salt Lake,GRANITE,GRANITE,S0478,1,0.00518,0.867150168225635,0
Salt Lake,GRANITE,GRANITE,S0457,1,0.00621,0.835793810547329,0
Salt Lake,GRANITE,GRANITE,S0456,2,0.01343,0.883500814263243,0
Salt Lake,GRANITE,GRANITE,S0455,3,0.03713,0.849624329071958,0
Salt Lake,GRANITE,GRANITE,S0444,1,0.00527,0.787088955170475,0
Salt Lake,GRANITE,GRANITE,S0442,1,0.00612,0.891435569908936,0
Salt Lake,GRANITE,GRANITE,S0413,3,0.00146,0.872007615456823,0
Salt Lake,GRANITE,GRANITE,S0413,2,0.00067,0.78180214058375,0
Salt Lake,GRANITE,GRANITE,S0413,1,0.00085,0.854230868804734,0
Salt Lake,GRANITE,GRANITE,S0412,1,0.00414,0.869928991014604,0
Salt Lake,GRANITE,GRANITE,S0388,2,0.01084,0.890769455058035,0
Salt Lake,GRANITE,GRANITE,S0387,3,0.00449,0.841234126186464,0
Salt Lake,GRANITE,GRANITE,S0386,1,0.00948,0.78237834724132,0
Salt Lake,GRANITE,GRANITE,S0385,3,0.04306,0.843617594335228,0
Salt Lake,GRANITE,GRANITE,S0376,1,0.00568,0.93231914867647,0
Salt Lake,GRANITE,GRANITE,S0355,1,0.0082,0.839818616223056,0
Salt Lake,GRANITE,GRANITE,S0327,2,0.00304,0.938688391004689,0
Salt Lake,GRANITE,GRANITE,S0305,1,0.00781,0.93318490870297,0
Salt Lake,GRANITE,GRANITE,S0299,2,0.01548,0.969710995617788,0
Salt Lake,GRANITE,GRANITE,S0293,1,0.00364,0.768479153106455,0
Salt Lake,GRANITE,GRANITE,S0255,1,0.00678,0.858006539521739,0
Salt Lake,GRANITE,GRANITE,S0234,1,0.0056,0.859731961099897,0
Salt Lake,GRANITE,GRANITE,S0228,3,0.04232,0.914724019006826,0
Salt Lake,GRANITE,GRANITE,S0223,1,0.00726,0.799032289942261,0
Salt Lake,GRANITE,GRANITE,S0217,1,0.00496,0.822964707331266,0
Salt Lake,GRANITE,GRANITE,S0215,3,0.02066,0.892534068145324,0
Salt Lake,GRANITE,GRANITE,S0207,1,0.00817,0.774411871796474,0
Salt Lake,GRANITE,GRANITE,S0190,2,0.00846,0.955609091906808,0
Salt Lake,GRANITE,GRANITE,S0133,1,0.00714,0.974563138152007,0
Salt Lake,GRANITE,GRANITE,S1336,2,0.01082,0.934418833174277,0
Salt Lake,GRANITE,GRANITE,S0098,2,0.0099,0.808541774866171,0
Salt Lake,GRANITE,GRANITE,S0078,1,0.00591,0.85278839955572,0
Salt Lake,GRANITE,GRANITE,S0077,2,0.01551,0.961672479403205,0
Salt Lake,GRANITE,GRANITE,S0069,1,0.00654,0.82135074865073,0
Salt Lake,GRANITE,GRANITE,S0040,1,0.00591,0.990619132935535,0
Salt Lake,GRANITE,GRANITE,S0002,1,0.00502,0.792676525190473,0
Salt Lake,JORDAN,JORDAN,S1159,1,0.00676,0.965560798242223,0
Salt Lake,JORDAN,JORDAN,S1155,1,0.00895,0.897921479598153,0
Salt Lake,JORDAN,JORDAN,S1142,2,0.01474,0.994991632411256,0
Salt Lake,JORDAN,JORDAN,S1141,3,0.02654,0.836003596603405,0
Salt Lake,JORDAN,JORDAN,S1140,2,0.01757,0.773413326067384,0
Salt Lake,JORDAN,JORDAN,S1130,1,0.0116,0.910350509919226,0
Salt Lake,JORDAN,JORDAN,S1078,3,0.00527,0.830642365035601,0
Salt Lake,JORDAN,JORDAN,S1013,1,0.00649,0.916386210825294,0
Salt Lake,JORDAN,JORDAN,S0995,2,0.02168,0.998425058729481,0
Salt Lake,JORDAN,JORDAN,S0952,1,0.00844,0.937299347307999,0
Salt Lake,JORDAN,JORDAN,S0939,1,0.012,0.899858863966074,0
Salt Lake,JORDAN,JORDAN,S0938,2,0.01888,0.766555904003326,0
Salt Lake,JORDAN,JORDAN,S0937,2,0.01757,0.806915062363259,0
Salt Lake,JORDAN,JORDAN,S0915,1,0.01277,0.805060580198187,0
Salt Lake,JORDAN,JORDAN,S0867,1,0.01002,0.756482804135885,0
Salt Lake,JORDAN,JORDAN,S0866,1,0.00808,0.81997404678259,0
Salt Lake,JORDAN,JORDAN,S0851,1,0.00958,0.815103879023809,0
Salt Lake,JORDAN,JORDAN,S0850,3,0.0352,0.83855469583068,0
Salt Lake,JORDAN,JORDAN,S0849,1,0.00896,0.792454265058041,0
Salt Lake,JORDAN,JORDAN,S0846,3,0.00017,0.76318766939221,0
Salt Lake,JORDAN,JORDAN,S0846,2,2e-04,0.790902256499976,0
Salt Lake,JORDAN,JORDAN,S0846,1,0.00012,0.764154437114485,0
Salt Lake,JORDAN,JORDAN,S0838,1,0.01061,0.78935549716698,0
Salt Lake,JORDAN,JORDAN,S0752,1,0.00748,0.752592255594209,0
Salt Lake,JORDAN,JORDAN,S0751,2,0.01843,0.953179041505791,0
Salt Lake,JORDAN,JORDAN,S0734,1,0.0106,0.834586387441959,0
Salt Lake,JORDAN,JORDAN,S1304,1,0.00887,0.947461834119167,0
Salt Lake,JORDAN,JORDAN,S0665,1,0.00805,0.998536399798468,0
Salt Lake,JORDAN,JORDAN,S0663,3,0.04033,0.938891432189848,0
Salt Lake,JORDAN,JORDAN,S0662,1,0.01373,0.976778486685362,0
Salt Lake,JORDAN,JORDAN,S0655,2,0.01988,0.884146421274636,0
Salt Lake,JORDAN,JORDAN,S0629,1,0.01124,0.784958134463523,0
Salt Lake,JORDAN,JORDAN,S0608,1,0.01117,0.873550977092236,0
Salt Lake,JORDAN,JORDAN,S0581,1,0.00478,0.962183692259714,0
Salt Lake,JORDAN,JORDAN,S0504,3,0.00057,0.819608107791282,0
Salt Lake,JORDAN,JORDAN,S0504,2,0.00082,0.854500881221611,0
Salt Lake,JORDAN,JORDAN,S0504,1,0.00222,0.864719433418941,0
Salt Lake,JORDAN,JORDAN,S1334,1,0.00844,0.811530892038718,0
Salt Lake,JORDAN,JORDAN,S0491,1,0.00952,0.931185870082118,0
Salt Lake,JORDAN,JORDAN,S0490,1,0.01026,0.771845178038348,0
Salt Lake,JORDAN,JORDAN,S0485,2,0.01058,0.818529475887772,0
Salt Lake,JORDAN,JORDAN,S0431,2,0.01507,0.847532761865295,0
Salt Lake,JORDAN,JORDAN,S0429,1,0.00979,0.96634840243496,0
Salt Lake,JORDAN,JORDAN,S0428,3,0.03941,0.936064278939739,0
Salt Lake,JORDAN,JORDAN,S0420,1,0.00646,0.800075085950084,0
Salt Lake,JORDAN,JORDAN,S0418,1,0.01047,0.922308818029705,0
Salt Lake,JORDAN,JORDAN,S0380,1,0.01337,0.924146955134347,0
Salt Lake,JORDAN,JORDAN,S0357,1,0.0124,0.811871662386693,0
Salt Lake,JORDAN,JORDAN,S0352,2,0.01835,0.752837005595211,0
Salt Lake,JORDAN,JORDAN,S0349,1,0.01144,0.818514183803927,0
Salt Lake,JORDAN,JORDAN,S0333,1,0.01021,0.811834675201681,0
Salt Lake,JORDAN,JORDAN,S0304,2,0.01738,0.988129103730898,0
Salt Lake,JORDAN,JORDAN,S0303,1,0.00887,0.768107482115738,0
Salt Lake,JORDAN,JORDAN,S0291,1,0.01198,0.759530047012959,0
Salt Lake,JORDAN,JORDAN,S0241,1,0.01069,0.967842132784426,0
Salt Lake,JORDAN,JORDAN,S0209,2,0.01647,0.898195506888442,0
Salt Lake,JORDAN,JORDAN,S0206,3,0.04352,0.947179395065177,0
Salt Lake,JORDAN,JORDAN,S0205,1,0.00731,0.985225787793752,0
Salt Lake,JORDAN,JORDAN,S0201,1,0.0083,0.893347413744777,0
Salt Lake,JORDAN,JORDAN,S0128,1,0.00995,0.90580217592651,0
Salt Lake,JORDAN,JORDAN,S0095,1,0.0108,0.800293726089876,0
Salt Lake,JORDAN,JORDAN,S0085,1,0.01081,0.848450182296801,0
Salt Lake,JORDAN,JORDAN,S0082,3,0.03752,0.840096023865044,0
Salt Lake,JORDAN,JORDAN,S0062,1,0.01277,0.846748482435942,0
Salt Lake,JORDAN,JORDAN,S0051,1,0.01271,0.773697844240814,0
Salt Lake,JORDAN,JORDAN,S0036,1,0.00864,0.999356542131864,0
Salt Lake,MURRAY,MURRAY,S1092,1,0.08399,0.825825433596037,0
Salt Lake,MURRAY,MURRAY,S0852,2,0.1059,0.771637901780196,0
Salt Lake,MURRAY,MURRAY,S0781,1,0.08326,0.874132871045731,0
Salt Lake,MURRAY,MURRAY,S0683,3,0.24338,0.983409307722468,0
Salt Lake,MURRAY,MURRAY,S0601,1,0.07121,0.85403948702151,0
Salt Lake,MURRAY,MURRAY,S0574,1,0.0535,0.954373391985428,0
Salt Lake,MURRAY,MURRAY,S0556,1,0.03852,0.83278197661275,0
Salt Lake,MURRAY,MURRAY,S0450,1,0.11868,0.856700497330166,0
Salt Lake,MURRAY,MURRAY,S0439,2,0.12653,0.81168769299984,0
Salt Lake,MURRAY,MURRAY,S0390,1,0.05642,0.78089910489507,0
Salt Lake,SALT LAKE,SALT LAKE,S1164,1,0.0182,0.898396589036565,0
Salt Lake,SALT LAKE,SALT LAKE,S1139,3,0.09034,0.807215870532673,0
Salt Lake,SALT LAKE,SALT LAKE,S1139,2,0.00352,0.953231667401269,0
Salt Lake,SALT LAKE,SALT LAKE,S1116,1,0.01169,0.954797170590609,0
Salt Lake,SALT LAKE,SALT LAKE,S1112,1,0.01538,0.929457049118355,0
Salt Lake,SALT LAKE,SALT LAKE,S1057,1,0.01903,0.867428709985688,0
Salt Lake,SALT LAKE,SALT LAKE,S0893,2,0.01343,0.915997147443704,0
Salt Lake,SALT LAKE,SALT LAKE,S0868,1,0.01692,0.844837640121114,0
Salt Lake,SALT LAKE,SALT LAKE,S0782,1,0.01289,0.965322231000755,0
Salt Lake,SALT LAKE,SALT LAKE,S0729,2,0.02081,0.936017939762678,0
Salt Lake,SALT LAKE,SALT LAKE,S0721,1,0.01227,0.978016454784665,0
Salt Lake,SALT LAKE,SALT LAKE,S0699,2,0.00249,0.886048596119508,0
Salt Lake,SALT LAKE,SALT LAKE,S0699,1,0.0177,0.793004841310903,0
Salt Lake,SALT LAKE,SALT LAKE,S0698,1,0.01343,0.776512044656556,0
Salt Lake,SALT LAKE,SALT LAKE,S0673,1,0.02264,0.922216109524015,0
Salt Lake,SALT LAKE,SALT LAKE,S0606,1,0.01845,0.974376734404359,0
Salt Lake,SALT LAKE,SALT LAKE,S0557,1,0.01443,0.92697997338837,0
Salt Lake,SALT LAKE,SALT LAKE,S0468,3,0.00386,0.805871602962725,0
Salt Lake,SALT LAKE,SALT LAKE,S0467,1,0.0182,0.970768540748395,0
Salt Lake,SALT LAKE,SALT LAKE,S0453,3,0.01128,0.789838934026193,0
Salt Lake,SALT LAKE,SALT LAKE,S0453,2,0.00025,0.830856488260906,0
Salt Lake,SALT LAKE,SALT LAKE,S0443,2,0.01953,0.821605561242905,0
Salt Lake,SALT LAKE,SALT LAKE,S0434,1,0.01766,0.961236362054478,0
Salt Lake,SALT LAKE,SALT LAKE,S0432,3,0.07703,0.759882149752229,0
Salt Lake,SALT LAKE,SALT LAKE,S0379,2,0.02608,0.99321536073694,0
Salt Lake,SALT LAKE,SALT LAKE,S0361,1,0.01269,0.778185765782837,0
Salt Lake,SALT LAKE,SALT LAKE,S0322,1,0.01182,0.941484587441664,0
Salt Lake,SALT LAKE,SALT LAKE,S0313,1,0.01426,0.933921878808178,0
Salt Lake,SALT LAKE,SALT LAKE,S0308,1,0.01675,0.921890705940314,0
Salt Lake,SALT LAKE,SALT LAKE,S0297,1,0.01716,0.914684552815743,0
Salt Lake,SALT LAKE,SALT LAKE,S0283,3,0.07007,0.850645539700054,0
Salt Lake,SALT LAKE,SALT LAKE,S0258,1,0.01592,0.87829315813724,0
Salt Lake,SALT LAKE,SALT LAKE,S0195,2,0.02475,0.98518264706945,0
Salt Lake,SALT LAKE,SALT LAKE,S0101,1,0.01687,0.799408464168664,0
Salt Lake,SALT LAKE,SALT LAKE,S0064,1,0.01323,0.867735870939214,0
Salt Lake,SALT LAKE,SALT LAKE,S0058,1,0.01434,0.794744761136826,0
Salt Lake,UTAH D & B,GRANITE,S0481,3,5e-04,0.85913810832426,0
Salt Lake,UTAH D & B,GRANITE,S0481,2,0.00011,0.755066692188848,0
Salt Lake,UTAH D & B,GRANITE,S0481,1,0.00115,0.939548859139904,0
San Juan,SAN JUAN,SAN JUAN,S1162,3,0.07836,0.809925031848252,0
San Juan,SAN JUAN,SAN JUAN,S1162,2,0.03326,0.996829349896871,0
San Juan,SAN JUAN,SAN JUAN,S1046,1,0.08066,0.96794089541072,0
San Juan,SAN JUAN,SAN JUAN,S0896,3,0.15367,0.853468115907162,0
San Juan,SAN JUAN,SAN JUAN,S0687,3,0.00535,0.784591019444633,0
San Juan,SAN JUAN,SAN JUAN,S0639,3,0.04778,0.803477893292438,0
San Juan,SAN JUAN,SAN JUAN,S0639,2,0.02561,0.900845440104604,0
San Juan,SAN JUAN,SAN JUAN,S0638,1,0.10971,0.816956513328478,0
San Juan,SAN JUAN,SAN JUAN,S0637,3,0.05657,0.786557336745318,0
San Juan,SAN JUAN,SAN JUAN,S0637,2,0.0344,0.984901121642906,0
San Juan,SAN JUAN,SAN JUAN,S0634,1,0.09671,0.975187254953198,0
San Juan,SAN JUAN,SAN JUAN,S0522,1,0.00191,0.760719181154855,0
San Juan,SAN JUAN,SAN JUAN,S0094,1,0.02561,0.857156423851848,0
San Juan,SAN JUAN,SAN JUAN,S0086,1,0.17508,0.936439553508535,0
San Juan,SAN JUAN,SAN JUAN,S0008,2,0.07531,0.754989643057343,0
Sanpete,,NORTH SANPETE,S1103,3,0.05532,0.777720898448024,0
Sanpete,,NORTH SANPETE,S1103,2,0.00343,0.912503322877456,0
Sanpete,NORTH SANPETE,NORTH SANPETE,S0960,1,0.05685,0.962809460528661,0
Sanpete,NORTH SANPETE,NORTH SANPETE,S0798,3,0.04121,0.929672182712238,0
Sanpete,NORTH SANPETE,NORTH SANPETE,S0798,2,0.00153,0.917453889211174,0
Sanpete,NORTH SANPETE,NORTH SANPETE,S0717,2,0.14384,0.92115011397982,0
Sanpete,NORTH SANPETE,NORTH SANPETE,S0716,3,0.27165,0.99975079408614,0
Sanpete,NORTH SANPETE,NORTH SANPETE,S0679,1,0.17665,0.775698518729769,0
Sanpete,NORTH SANPETE,NORTH SANPETE,S0647,1,0.10759,0.943989780149423,0
Sanpete,NORTH SANPETE,NORTH SANPETE,S0354,1,0.05723,0.86702337564202,0
Sanpete,NORTH SANPETE,NORTH SANPETE,S0330,1,0.0847,0.838547136809211,0
Sanpete,SOUTH SANPETE,SOUTH SANPETE,S0944,3,0.00553,0.987133617338259,0
Sanpete,SOUTH SANPETE,SOUTH SANPETE,S0589,1,0.10826,0.890092368528713,0
Sanpete,SOUTH SANPETE,SOUTH SANPETE,S0588,3,0.22497,0.961699535720982,0
Sanpete,SOUTH SANPETE,SOUTH SANPETE,S0407,1,0.16678,0.856246645038482,0
Sanpete,SOUTH SANPETE,SOUTH SANPETE,S0406,2,0.0829,0.940418044221587,0
Sanpete,SOUTH SANPETE,SOUTH SANPETE,S0405,3,0.10403,0.991856945562176,0
Sanpete,SOUTH SANPETE,SOUTH SANPETE,S0319,1,0.15182,0.925707969756331,0
Sanpete,SOUTH SANPETE,SOUTH SANPETE,S0318,2,0.15572,0.827195317659061,0
Sevier,,SEVIER,S0933,3,0.00809,0.875228788936511,0
Sevier,,SEVIER,S0933,2,0.00046,0.796429707494099,0
Sevier,SEVIER,SEVIER,S0946,2,0.06728,0.885426739405375,0
Sevier,SEVIER,SEVIER,S0945,3,0.09272,0.886010806134436,0
Sevier,SEVIER,SEVIER,S0889,1,0.09387,0.940295081876684,0
Sevier,SEVIER,SEVIER,S0836,3,0.17942,0.854442134033889,0
Sevier,SEVIER,SEVIER,S0826,2,0.11353,0.918560651014559,0
Sevier,SEVIER,SEVIER,S0766,1,0.11584,0.786035255237948,0
Sevier,SEVIER,SEVIER,S0719,2,0.0437,0.982329826045316,0
Sevier,SEVIER,SEVIER,S0718,3,0.05896,0.9036373468698,0
Sevier,SEVIER,SEVIER,S0627,1,0.11168,0.932688209635671,0
Sevier,SEVIER,SEVIER,S0520,1,0.00647,0.814719934191089,0
Sevier,SEVIER,SEVIER,S0162,3,0.00832,0.979997285467107,0
Sevier,SEVIER,SEVIER,S0050,1,0.09965,0.951044170069508,0
Summit,,PARK CITY,S1176,3,0.02523,0.964671362889931,0
Summit,,PARK CITY,S1129,2,0.02623,0.814605636405759,0
Summit,,PARK CITY,S1129,1,0.05971,0.922173688712064,0
Summit,,PARK CITY,S0773,2,0.00999,0.894186341029126,0
Summit,,PARK CITY,S0773,1,0.02648,0.911368743050843,0
Summit,,PARK CITY,S0564,1,0.00525,0.945300209277775,0
Summit,NORTH SUMMIT,NORTH SUMMIT,S0725,1,0.33628,0.776387507154141,0
Summit,NORTH SUMMIT,NORTH SUMMIT,S0723,2,0.30482,0.977301107370295,0
Summit,NORTH SUMMIT,NORTH SUMMIT,S0722,3,0.3589,0.847002136462834,0
Summit,PARK CITY,PARK CITY,S1040,1,0.08893,0.930540746659972,0
Summit,PARK CITY,PARK CITY,S0783,1,0.09618,0.921206790371798,0
Summit,PARK CITY,PARK CITY,S0774,3,0.38446,0.985993653710466,0
Summit,PARK CITY,PARK CITY,S0602,1,0.10092,0.757706390344538,0
Summit,PARK CITY,PARK CITY,S0483,1,0.09768,0.783491889305878,0
Summit,PARK CITY,PARK CITY,S0294,2,0.07894,0.884965257253498,0
Summit,SOUTH SUMMIT,SOUTH SUMMIT,S0949,1,0.29496,0.77406385022914,0
Summit,SOUTH SUMMIT,SOUTH SUMMIT,S0948,2,0.28908,0.81285888934508,0
Summit,SOUTH SUMMIT,SOUTH SUMMIT,S0947,3,0.33813,0.91992315207608,0
Summit,SOUTH SUMMIT,SOUTH SUMMIT,S0921,1,0.03009,0.93936766369734,0
Summit,SOUTH SUMMIT,SOUTH SUMMIT,S0920,3,0.03205,0.942614582250826,0
Summit,SOUTH SUMMIT,SOUTH SUMMIT,S0920,2,0.0157,0.7757008280023,0
Tooele,,TOOELE,S0905,2,0.01236,0.939640975033399,0
Tooele,,TOOELE,S0905,1,0.02523,0.900944106979296,0
Tooele,,TOOELE,S0882,1,0.00559,0.955032800033223,0
Tooele,,TOOELE,S0328,2,0.02918,0.809064640605357,0
Tooele,,TOOELE,S0328,1,0.04928,0.918582507059909,0
Tooele,,TOOELE,S0096,2,0.00271,0.936257374240085,0
Tooele,,TOOELE,S0096,1,0.01197,0.917388678353745,0
Tooele,,TOOELE,S0011,3,0.00254,0.998233696911484,0
Tooele,,TOOELE,S0011,2,0.00051,0.756402357190382,0
Tooele,TOOELE,TOOELE,S1169,1,0.02218,0.854272777040023,0
Tooele,TOOELE,TOOELE,S1149,1,0.01705,0.825514885480516,0
Tooele,TOOELE,TOOELE,S1133,2,0.00231,0.802500604826491,0
Tooele,TOOELE,TOOELE,S1090,1,0.00102,0.911433395347558,0
Tooele,TOOELE,TOOELE,S1308,1,0.02755,0.803145195066463,0
Tooele,TOOELE,TOOELE,S1038,2,0.03658,0.845007005904336,0
Tooele,TOOELE,TOOELE,S1037,3,0.08777,0.832343472575303,0
Tooele,TOOELE,TOOELE,S0975,1,0.03816,0.851035022991709,0
Tooele,TOOELE,TOOELE,S0973,1,0.03629,0.967832861992065,0
Tooele,TOOELE,TOOELE,S1344,2,0.03759,0.814653119421564,0
Tooele,TOOELE,TOOELE,S0972,3,0.09466,0.794801457494032,0
Tooele,TOOELE,TOOELE,S0909,1,0.02551,0.95454028173117,0
Tooele,TOOELE,TOOELE,S0869,1,0.0289,0.937560883990955,0
Tooele,TOOELE,TOOELE,S0763,1,0.04126,0.861462379922159,0
Tooele,TOOELE,TOOELE,S0746,1,0.03759,0.972402579092886,0
Tooele,TOOELE,TOOELE,S0726,1,0.03274,0.783669135300443,0
Tooele,TOOELE,TOOELE,S0609,1,0.03291,0.869656575028785,0
Tooele,TOOELE,TOOELE,S0463,1,0.00073,0.937253003066871,0
Tooele,TOOELE,TOOELE,S0393,1,0.0346,0.865337169670966,0
Tooele,TOOELE,TOOELE,S0392,2,0.03003,0.877030565519817,0
Tooele,TOOELE,TOOELE,S0391,3,0.06102,0.772093364794273,0
Tooele,TOOELE,TOOELE,S0275,3,0.00164,0.803445541183464,0
Tooele,TOOELE,TOOELE,S0275,2,0.00102,0.864857515553012,0
Tooele,TOOELE,TOOELE,S0275,1,0.00401,0.945209889556281,0
Tooele,TOOELE,TOOELE,S1346,3,0.0547,0.811982225510292,0
Tooele,TOOELE,TOOELE,S0204,1,0.02726,0.778621437959373,0
Tooele,TOOELE,TOOELE,S0194,2,0.0276,0.750991115754005,0
Tooele,TOOELE,TOOELE,S0092,3,0.00813,0.787138944491744,0
Tooele,TOOELE,TOOELE,S0035,1,0.00982,0.982178815000225,0
Uintah,,UINTAH,S1055,3,0.01439,0.957332058984321,0
Uintah,,UINTAH,S1051,2,0.00182,0.866788632294629,0
Uintah,,UINTAH,S1051,1,0.01132,0.961933588143438,0
Uintah,,UINTAH,S1012,3,0.01747,0.788463951670565,0
Uintah,,UINTAH,S1012,2,0.01411,0.981484758900478,0
Uintah,,UINTAH,S1012,1,0.08188,0.850717883906327,0
Uintah,UINTAH,UINTAH,S1089,2,0.11192,0.949384600913618,0
Uintah,UINTAH,UINTAH,S1053,2,0.08006,0.945915657095611,0
Uintah,UINTAH,UINTAH,S1052,3,0.23599,0.835016952478327,0
Uintah,UINTAH,UINTAH,S0686,1,0.06329,0.925833583518397,0
Uintah,UINTAH,UINTAH,S0578,1,0.06288,0.788396022282541,0
Uintah,UINTAH,UINTAH,S0533,1,0.019,0.861044620978646,0
Uintah,UINTAH,UINTAH,S0262,1,0.09375,0.985165691294242,0
Uintah,UINTAH,UINTAH,S0239,1,0.0591,0.831244316301309,0
Uintah,UINTAH,UINTAH,S0049,3,0.04094,0.821845515689347,0
Uintah,UINTAH,UINTAH,S0048,1,0.05421,0.792505276156589,0
Utah,,PROVO,S1100,3,0.00724,0.922797312145121,0
Utah,,PROVO,S1100,2,0.0045,0.755551683716476,0
Utah,,PROVO,S1100,1,0.0133,0.774171866883989,0
Utah,,ALPINE,S1070,3,0.00198,0.891145306872204,0
Utah,,ALPINE,S1070,2,0.00229,0.991055057267658,0
Utah,,ALPINE,S1067,3,0.00461,0.798393016739283,0
Utah,,ALPINE,S1063,3,0.00013,0.822447608690709,0
Utah,,ALPINE,S1063,2,4e-05,0.914722123998217,0
Utah,,ALPINE,S1063,1,9e-05,0.871857639285736,0
Utah,,PROVO,S1043,1,0.02347,0.929708668205421,0
Utah,,ALPINE,S1029,1,0.00493,0.793645208817907,0
Utah,,ALPINE,S1011,3,0.00078,0.931932312960271,0
Utah,,ALPINE,S0958,3,0.00118,0.914755308476742,0
Utah,,ALPINE,S0958,2,0.00126,0.96953034150647,0
Utah,,ALPINE,S0958,1,0.00349,0.954406060336623,0
Utah,,ALPINE,S0857,3,0.00183,0.972399057820439,0
Utah,,ALPINE,S0857,2,0.00043,0.895201860694215,0
Utah,,ALPINE,S0833,2,0.00102,0.824983457510825,0
Utah,,ALPINE,S0833,1,0.00655,0.777273712330498,0
Utah,,NEBO,S0822,2,0.0032,0.968254231382161,0
Utah,,NEBO,S0822,1,0.01734,0.840447529335506,0
Utah,,ALPINE,S0820,1,0.00367,0.968170074454974,0
Utah,,NEBO,S0813,3,0.00129,0.891100746986922,0
Utah,,NEBO,S0813,2,0.00067,0.823859606287442,0
Utah,,PROVO,S0812,3,0.00274,0.93303358060075,0
Utah,,PROVO,S0812,2,0.0015,0.771724113554228,0
Utah,,ALPINE,S0740,1,0.00455,0.88156930624973,0
Utah,,ALPINE,S0703,1,0.00528,0.807218146394007,0
Utah,,ALPINE,S0696,2,2e-05,0.895075450651348,0
Utah,,ALPINE,S0696,1,6e-05,0.770403658389114,0
Utah,,NEBO,S0695,3,0.00178,0.810589166998398,0
Utah,,ALPINE,S0685,1,0.00022,0.95049489766825,0
Utah,,ALPINE,S0676,1,0.00698,0.88248670619214,0
Utah,,ALPINE,S0667,1,0.00471,0.978879171423614,0
Utah,,ALPINE,S0632,2,2e-05,0.839211015962064,0
Utah,,ALPINE,S0632,1,0.00019,0.937536216631997,0
Utah,,NEBO,S0607,3,0.00771,0.944249015301466,0
Utah,,NEBO,S0607,2,0.00302,0.849279971793294,0
Utah,,ALPINE,S0558,3,0.00094,0.856163885095157,0
Utah,,ALPINE,S0558,2,0.00242,0.755896111426409,0
Utah,,ALPINE,S0558,1,0.00579,0.96785134478705,0
Utah,,ALPINE,S0554,3,0.00089,0.959281663701404,0
Utah,,ALPINE,S0554,2,0.00048,0.777950543269981,0
Utah,,ALPINE,S0554,1,0.00099,0.872197198565118,0
Utah,,ALPINE,S0529,2,0.00298,0.986856419593096,0
Utah,,ALPINE,S0529,1,0.00821,0.977361453231424,0
Utah,,ALPINE,S0503,3,0.00321,0.971587333478965,0
Utah,,ALPINE,S0503,2,0.00343,0.77348262356827,0
Utah,,ALPINE,S0488,2,0.00021,0.905009457899723,0
Utah,,ALPINE,S0488,1,0.00138,0.878339993825648,0
Utah,,ALPINE,S1321,2,0.00124,0.861920011695474,0
Utah,,ALPINE,S1321,1,0.00752,0.872366007941309,0
Utah,,PROVO,S0476,3,0.00346,0.96484144864371,0
Utah,,PROVO,S0476,2,0.00287,0.91666957346024,0
Utah,,PROVO,S0476,1,0.00926,0.809859588334803,0
Utah,,ALPINE,S0464,2,0.00031,0.891723857086617,0
Utah,,ALPINE,S0464,1,0.00393,0.876281453180127,0
Utah,,PROVO,S1016,3,0.00385,0.75745236343937,0
Utah,,PROVO,S1016,2,0.00104,0.868898711050861,0
Utah,,ALPINE,S0363,1,0.00508,0.904035836458206,0
Utah,,PROVO,S0362,3,0.01539,0.884766286122613,0
Utah,,PROVO,S0362,2,0.02419,0.856320922088344,0
Utah,,PROVO,S0362,1,0.03136,0.933211969095282,0
Utah,,ALPINE,S0359,2,0.00038,0.968063746287953,0
Utah,,ALPINE,S0359,1,0.00736,0.798138169629965,0
Utah,,NEBO,S0227,1,0.00552,0.950957885244861,0
Utah,,ALPINE,S0179,2,0.00038,0.937937267823145,0
Utah,,ALPINE,S0179,1,0.00236,0.889427833375521,0
Utah,,ALPINE,S0151,3,0.00011,0.794497693656012,0
Utah,,ALPINE,S0151,2,1e-04,0.903012109629344,0
Utah,,ALPINE,S0136,3,0.00096,0.881432686932385,0
Utah,,ALPINE,S0136,2,0.00075,0.813287459372077,0
Utah,,ALPINE,S0136,1,0.00919,0.926737789937761,0
Utah,,PROVO,S0130,3,0.00535,0.958183846727479,0
Utah,,PROVO,S0130,2,0.00085,0.999649754317943,0
Utah,,PROVO,S0129,1,0.00235,0.873466389253736,0
Utah,,ALPINE,S1311,1,0.0072,0.959405789326411,0
Utah,,ALPINE,S0045,2,0.00134,0.762789328233339,0
Utah,,ALPINE,S0045,1,0.00516,0.8023935938254,0
Utah,,ALPINE,S0041,2,0.00015,0.885841964511201,0
Utah,,ALPINE,S0041,1,0.00067,0.834845028177369,0
Utah,,NEBO,S0031,2,0.00353,0.946857873175759,0
Utah,,NEBO,S0031,1,0.01146,0.800049726094585,0
Utah,,NEBO,S0025,3,0.01409,0.92498390522087,0
Utah,,NEBO,S0025,2,0.00728,0.908473571354989,0
Utah,,NEBO,S0025,1,0.02462,0.801318430050742,0
Utah,,ALPINE,S0023,3,0.00391,0.90733024594374,0
Utah,,ALPINE,S0023,2,0.00298,0.832897005020641,0
Utah,,ALPINE,S0023,1,0.00574,0.796337020525243,0
Utah,ALPINE,ALPINE,S1175,1,0.00469,0.963331617880613,0
Utah,ALPINE,ALPINE,S1171,2,0.01557,0.780539904139005,0
Utah,ALPINE,ALPINE,S1156,1,0.00446,0.955489625164773,0
Utah,ALPINE,ALPINE,S1154,3,0.03208,0.910465596884023,0
Utah,ALPINE,ALPINE,S1153,1,0.00535,0.982371346675791,0
Utah,ALPINE,ALPINE,S1095,2,0.01851,0.75155588722555,0
Utah,ALPINE,ALPINE,S1094,1,0.00745,0.779513623914681,0
Utah,ALPINE,ALPINE,S1093,2,0.01644,0.89293129806174,0
Utah,ALPINE,ALPINE,S1041,1,0.00787,0.859728526091203,0
Utah,ALPINE,ALPINE,S1039,1,0.00991,0.891280638752505,0
Utah,ALPINE,ALPINE,S1030,3,0.01516,0.884017087111715,0
Utah,ALPINE,ALPINE,S1028,2,0.01311,0.828363105363678,0
Utah,ALPINE,ALPINE,S1027,1,0.01081,0.882753629761282,0
Utah,ALPINE,ALPINE,S0986,3,0.00093,0.848397738242056,0
Utah,ALPINE,ALPINE,S0966,1,0.00878,0.93654221604811,0
Utah,ALPINE,ALPINE,S0928,1,0.0072,0.829506608715747,0
Utah,ALPINE,ALPINE,S0924,3,0.02542,0.915614605066366,0
Utah,ALPINE,ALPINE,S0917,1,0.00782,0.909768145356793,0
Utah,ALPINE,ALPINE,S0912,1,0.00689,0.914732170116622,0
Utah,ALPINE,ALPINE,S0908,1,0.00574,0.904302297101822,0
Utah,ALPINE,ALPINE,S0904,1,0.0074,0.903209179232363,0
Utah,ALPINE,ALPINE,S0876,1,0.00787,0.995119292812888,0
Utah,ALPINE,ALPINE,S1343,2,0.01553,0.890543943387456,0
Utah,ALPINE,ALPINE,S0860,1,0.00414,0.932908255141228,0
Utah,ALPINE,ALPINE,S0853,1,0.00952,0.930895768047776,0
Utah,ALPINE,ALPINE,S0844,1,0.0092,0.992905055580195,0
Utah,ALPINE,ALPINE,S0841,1,0.0069,0.912617995636538,0
Utah,ALPINE,ALPINE,S0804,1,0.00997,0.991920682194177,0
Utah,ALPINE,ALPINE,S0803,3,0.00163,0.923641026543919,0
Utah,ALPINE,ALPINE,S0801,2,0.01098,0.809998874377925,0
Utah,ALPINE,ALPINE,S0800,3,0.01822,0.795369259838481,0
Utah,ALPINE,ALPINE,S1265,1,0.00486,0.972856860957108,0
Utah,ALPINE,ALPINE,S0759,1,0.00685,0.751277634873986,0
Utah,ALPINE,ALPINE,S0758,2,0.00953,0.778500082087703,0
Utah,ALPINE,ALPINE,S0757,3,0.01256,0.928941245365422,0
Utah,ALPINE,ALPINE,S0755,1,0.00553,0.992953011125792,0
Utah,ALPINE,ALPINE,S0730,2,0.01272,0.766338073357474,0
Utah,ALPINE,ALPINE,S0728,1,0.00384,0.877267439849675,0
Utah,ALPINE,ALPINE,S0713,1,0.01131,0.847930598247331,0
Utah,ALPINE,ALPINE,S0669,3,0.01506,0.804662756156176,0
Utah,ALPINE,ALPINE,S0668,1,0.01024,0.788845968199894,0
Utah,ALPINE,ALPINE,S0664,2,0.00954,0.900879254681058,0
Utah,ALPINE,ALPINE,S0651,1,0.00484,0.970709714107215,0
Utah,ALPINE,ALPINE,S0604,1,0.00552,0.752108919492457,0
Utah,ALPINE,ALPINE,S0587,1,0.00529,0.878694926621392,0
Utah,ALPINE,ALPINE,S0572,3,0.02422,0.833067677274812,0
Utah,ALPINE,ALPINE,S0563,1,0.00483,0.762288274418097,0
Utah,ALPINE,ALPINE,S0555,1,0.00857,0.992184509465005,0
Utah,ALPINE,ALPINE,S0552,1,0.00494,0.867549000366125,0
Utah,ALPINE,ALPINE,S0551,2,0.0149,0.900380472594406,0
Utah,ALPINE,ALPINE,S0550,3,0.02362,0.785874564142432,0
Utah,ALPINE,ALPINE,S0548,1,0.00799,0.79862657666672,0
Utah,ALPINE,ALPINE,S0527,2,0.0132,0.808692914317362,0
Utah,ALPINE,ALPINE,S0523,2,0.01479,0.751479497354012,0
Utah,ALPINE,ALPINE,S0451,3,0.00016,0.794995730568189,0
Utah,ALPINE,ALPINE,S0451,2,0.00017,0.836878040339798,0
Utah,ALPINE,ALPINE,S0451,1,0.00031,0.792375271208584,0
Utah,ALPINE,ALPINE,S0435,1,0.00548,0.961224809521809,0
Utah,ALPINE,ALPINE,S0430,1,0.00887,0.990526592708193,0
Utah,ALPINE,ALPINE,S0414,1,0.00959,0.842224027903285,0
Utah,ALPINE,ALPINE,S0411,1,0.00683,0.835554219083861,0
Utah,ALPINE,ALPINE,S0403,1,0.00642,0.763509874290321,0
Utah,ALPINE,ALPINE,S0400,1,0.00735,0.958479878376238,0
Utah,ALPINE,ALPINE,S0369,2,0.01403,0.837209559802432,0
Utah,ALPINE,ALPINE,S0365,1,0.0056,0.975024621351622,0
Utah,ALPINE,ALPINE,S0356,1,0.00661,0.7556041101343,0
Utah,ALPINE,ALPINE,S0351,1,0.0052,0.794038569380064,0
Utah,ALPINE,ALPINE,S0348,1,0.00457,0.813949942414183,0
Utah,ALPINE,ALPINE,S0280,1,0.00652,0.993808478000574,0
Utah,ALPINE,ALPINE,S0278,1,0.00728,0.911432950408198,0
Utah,ALPINE,ALPINE,S0271,1,0.01152,0.771997637290042,0
Utah,ALPINE,ALPINE,S1318,1,0.01173,0.77437065448612,0
Utah,ALPINE,ALPINE,S0244,1,0.00472,0.752389078494161,0
Utah,ALPINE,ALPINE,S0229,3,0.00022,0.754790342703927,0
Utah,ALPINE,ALPINE,S0229,2,0.00023,0.819002169184387,0
Utah,ALPINE,ALPINE,S0229,1,0.00033,0.775121316954028,0
Utah,ALPINE,ALPINE,S0187,1,0.00584,0.814381154254079,0
Utah,ALPINE,ALPINE,S0176,1,0.00547,0.818328074587043,0
Utah,ALPINE,ALPINE,S0168,1,0.0065,0.849497416929808,0
Utah,ALPINE,ALPINE,S0167,1,0.00132,0.956900719727855,0
Utah,ALPINE,ALPINE,S0166,3,0.02727,0.956347838975489,0
Utah,ALPINE,ALPINE,S0163,1,0.00653,0.863952297659125,0
Utah,ALPINE,ALPINE,S0152,1,0.00784,0.934613092278596,0
Utah,ALPINE,ALPINE,S0141,2,0.01095,0.815331690711901,0
Utah,ALPINE,ALPINE,S0118,1,0.01102,0.915755231457297,0
Utah,ALPINE,ALPINE,S0100,1,0.00456,0.840457507001702,0
Utah,ALPINE,ALPINE,S0084,1,0.00854,0.91776405624114,0
Utah,ALPINE,ALPINE,S0074,1,0.00882,0.964239977009129,0
Utah,ALPINE,ALPINE,S0060,1,0.00554,0.916108062490821,0
Utah,ALPINE,ALPINE,S0052,1,0.00371,0.798356124723796,0
Utah,ALPINE,ALPINE,S0022,2,0.01884,0.971412359911483,0
Utah,ALPINE,ALPINE,S0021,3,0.02369,0.795250970171764,0
Utah,ALPINE,ALPINE,S0013,1,0.00509,0.958512836776208,0
Utah,NEBO,NEBO,S1173,1,0.00782,0.907417610113043,0
Utah,NEBO,NEBO,S1158,1,0.01522,0.926268600975163,0
Utah,NEBO,NEBO,S1082,2,0.02505,0.828693071962334,0
Utah,NEBO,NEBO,S1008,1,0.00968,0.776701114897151,0
Utah,NEBO,NEBO,S0968,2,0.028,0.948464175860863,0
Utah,NEBO,NEBO,S0967,3,0.0417,0.901740276196506,0
Utah,NEBO,NEBO,S0963,1,0.01249,0.893794107367285,0
Utah,NEBO,NEBO,S0959,2,0.02526,0.940634139580652,0
Utah,NEBO,NEBO,S0956,1,0.01342,0.918937205860857,0
Utah,NEBO,NEBO,S0955,2,0.02766,0.776121587667149,0
Utah,NEBO,NEBO,S0954,3,0.03994,0.761277441459242,0
Utah,NEBO,NEBO,S0914,1,0.01556,0.948026604542974,0
Utah,NEBO,NEBO,S0903,1,0.01491,0.993128478876315,0
Utah,NEBO,NEBO,S0888,1,0.01411,0.841758325754199,0
Utah,NEBO,NEBO,S0887,2,0.02658,0.965067931334488,0
Utah,NEBO,NEBO,S0886,3,0.03909,0.888127462472767,0
Utah,NEBO,NEBO,S0875,1,0.01032,0.826783663709648,0
Utah,NEBO,NEBO,S0854,1,0.0185,0.990657421119977,0
Utah,NEBO,NEBO,S0830,1,0.01889,0.834166741464287,0
Utah,NEBO,NEBO,S0787,2,0.02769,0.975282174593303,0
Utah,NEBO,NEBO,S0786,3,0.04214,0.798648075899109,0
Utah,NEBO,NEBO,S0779,1,0.00849,0.765703466080595,0
Utah,NEBO,NEBO,S0776,1,0.01084,0.87864663254004,0
Utah,NEBO,NEBO,S0753,1,0.02002,0.963986174901947,0
Utah,NEBO,NEBO,S1258,3,0.00028,0.778725908894558,0
Utah,NEBO,NEBO,S1258,2,0.00015,0.81279006425757,0
Utah,NEBO,NEBO,S0678,2,0.02771,0.844000266224612,0
Utah,NEBO,NEBO,S0677,1,0.01577,0.918907320708968,0
Utah,NEBO,NEBO,S0603,1,0.01721,0.767138600524049,0
Utah,NEBO,NEBO,S0595,1,0.01515,0.80964634945849,0
Utah,NEBO,NEBO,S0594,2,0.0337,0.998047667904757,0
Utah,NEBO,NEBO,S0593,1,0.02007,0.830397152167279,0
Utah,NEBO,NEBO,S0592,3,0.04833,0.772594235779252,0
Utah,NEBO,NEBO,S0590,2,0.03251,0.814643578371033,0
Utah,NEBO,NEBO,S0534,1,0.013,0.752837872714736,0
Utah,NEBO,NEBO,S0532,3,0.00844,0.919652151700575,0
Utah,NEBO,NEBO,S0445,1,0.01089,0.771477707312442,0
Utah,NEBO,NEBO,S0382,1,0.00756,0.820624137064442,0
Utah,NEBO,NEBO,S0350,1,0.01499,0.820689990650862,0
Utah,NEBO,NEBO,S0286,1,0.01177,0.857636525470298,0
Utah,NEBO,NEBO,S0252,2,0.02699,0.835815777943935,0
Utah,NEBO,NEBO,S0186,1,0.01159,0.842649185273331,0
Utah,NEBO,NEBO,S0139,1,0.0096,0.851870662416331,0
Utah,NEBO,NEBO,S0119,1,0.00851,0.921734758943785,0
Utah,NEBO,NEBO,S0117,1,0.01143,0.946923897427041,0
Utah,NEBO,NEBO,S0059,1,0.01236,0.771309034898877,0
Utah,NEBO,NEBO,S0043,1,0.01004,0.947685938677751,0
Utah,NEBO,NEBO,S0039,1,0.01708,0.860474220651668,0
Utah,PROVO,PROVO,S1157,1,0.03619,0.772334504930768,0
Utah,PROVO,PROVO,S1111,1,0.03384,0.905461563030258,0
Utah,PROVO,PROVO,S1033,3,0.14573,0.885941322601866,0
Utah,PROVO,PROVO,S1032,1,0.04108,0.993167587323114,0
Utah,PROVO,PROVO,S0998,1,0.03795,0.828685553220566,0
Utah,PROVO,PROVO,S0962,1,0.02615,0.816538343788125,0
Utah,PROVO,PROVO,S0265,2,0.05966,0.999264593352564,0
Utah,PROVO,PROVO,S0856,1,0.03188,0.952610069303773,0
Utah,PROVO,PROVO,S0817,1,0.03025,0.999685806920752,0
Utah,PROVO,PROVO,S0816,1,0.03423,0.961750415095594,0
Utah,PROVO,PROVO,S0815,3,0.12747,0.841257868392859,0
Utah,PROVO,PROVO,S0530,1,0.04342,0.97402710467577,0
Utah,PROVO,PROVO,S0465,3,0.01669,0.891293017368298,0
Utah,PROVO,PROVO,S0360,1,0.02002,0.786956796771847,0
Utah,PROVO,PROVO,S0295,1,0.03814,0.849119506892748,0
Utah,PROVO,PROVO,S0170,2,0.0684,0.925250820990186,0
Utah,PROVO,PROVO,S0135,1,0.03208,0.867458299617283,0
Utah,PROVO,PROVO,S0019,1,0.02412,0.994556746620219,0
Utah,UTAH D & B,ALPINE,S0302,3,2e-05,0.758771857887041,0
Utah,UTAH D & B,ALPINE,S0302,2,3e-05,0.959490703069605,0
Utah,UTAH D & B,ALPINE,S0302,1,0.00022,0.822676448558923,0
Utah,UTAH D & B,ALPINE,S0089,1,2e-05,0.876611484040041,0
Wasatch,,WASATCH,S0932,2,0.01289,0.814543982909527,0
Wasatch,,WASATCH,S0932,1,0.03538,0.82158003753284,0
Wasatch,WASATCH,WASATCH,S1104,3,0.38831,0.78952759160893,0
Wasatch,WASATCH,WASATCH,S1031,2,0.05127,0.82635945250513,0
Wasatch,WASATCH,WASATCH,S0859,2,0.0991,0.832006264710799,0
Wasatch,WASATCH,WASATCH,S0745,1,0.10645,0.849588694341946,0
Wasatch,WASATCH,WASATCH,S0614,1,0.07856,0.823592883592937,0
Wasatch,WASATCH,WASATCH,S0493,1,0.07736,0.96777508687228,0
Wasatch,WASATCH,WASATCH,S0421,1,0.06597,0.783106479560956,0
Wasatch,WASATCH,WASATCH,S0233,1,0.08471,0.986257063050289,0
Washington,,WASHINGTON,S1096,2,0.00514,0.800172361836303,0
Washington,,WASHINGTON,S1096,1,0.01782,0.802868447965011,0
Washington,,WASHINGTON,S1075,2,0.00443,0.961676656326745,0
Washington,,WASHINGTON,S1075,1,0.01491,0.964252279722132,0
Washington,,WASHINGTON,S1062,3,0.0082,0.968383048952091,0
Washington,,WASHINGTON,S1062,2,0.00197,0.920849244925193,0
Washington,,WASHINGTON,S1044,1,6e-04,0.761370234191418,0
Washington,,WASHINGTON,S0989,3,6e-04,0.908636701176874,0
Washington,,WASHINGTON,S0980,3,0.00871,0.926053473376669,0
Washington,,WASHINGTON,S0878,3,0.0052,0.880612224980723,0
Washington,,WASHINGTON,S0878,2,0.00311,0.914342374831904,0
Washington,,WASHINGTON,S0670,2,0.00043,0.795140743837692,0
Washington,,WASHINGTON,S0670,1,0.00608,0.76486382773146,0
Washington,,WASHINGTON,S0536,3,0.00054,0.778916010924149,0
Washington,,WASHINGTON,S0377,2,0.0056,0.791884314909112,0
Washington,,WASHINGTON,S0377,1,0.02373,0.767716807953548,0
Washington,,WASHINGTON,S0364,1,0.01199,0.981320947234053,0
Washington,,WASHINGTON,S0332,3,0.00031,0.996894975367468,0
Washington,,WASHINGTON,S0332,2,0.00014,0.960103549878113,0
Washington,,WASHINGTON,S0191,2,0.00111,0.823934966581874,0
Washington,UTAH D & B,WASHINGTON,S0951,1,0.00023,0.878633577318396,0
Washington,WASHINGTON,WASHINGTON,S1120,1,0.00497,0.871095307113137,0
Washington,WASHINGTON,WASHINGTON,S1119,3,0.00406,0.895764680753928,0
Washington,WASHINGTON,WASHINGTON,S1119,2,0.00266,0.803959224314895,0
Washington,WASHINGTON,WASHINGTON,S1117,1,0.0112,0.772700919653289,0
Washington,WASHINGTON,WASHINGTON,S1114,2,0.02685,0.755084260366857,0
Washington,WASHINGTON,WASHINGTON,S1023,1,0.01497,0.865124460135121,0
Washington,WASHINGTON,WASHINGTON,S0991,2,0.02402,0.81626855651848,0
Washington,WASHINGTON,WASHINGTON,S0965,1,0.00129,0.896265842951834,0
Washington,WASHINGTON,WASHINGTON,S0941,1,0.01751,0.968571533448994,0
Washington,WASHINGTON,WASHINGTON,S0926,2,0.02239,0.753712170233484,0
Washington,WASHINGTON,WASHINGTON,S0925,3,0.03616,0.929547289386392,0
Washington,WASHINGTON,WASHINGTON,S0902,1,0.01205,0.799538150895387,0
Washington,WASHINGTON,WASHINGTON,S0900,1,0.01274,0.855725049681496,0
Washington,WASHINGTON,WASHINGTON,S0848,1,0.01754,0.776997056032997,0
Washington,WASHINGTON,WASHINGTON,S0827,1,0.01214,0.85704244900262,0
Washington,WASHINGTON,WASHINGTON,S0792,2,0.02071,0.93943438353017,0
Washington,WASHINGTON,WASHINGTON,S0353,2,0.02422,0.968730700726155,0
Washington,WASHINGTON,WASHINGTON,S0791,3,0.03002,0.856625567132141,0
Washington,WASHINGTON,WASHINGTON,S0772,1,0.01202,0.928449487313628,0
Washington,WASHINGTON,WASHINGTON,S0770,1,0.01137,0.860596989456099,0
Washington,WASHINGTON,WASHINGTON,S0619,3,0.0052,0.855411439551972,0
Washington,WASHINGTON,WASHINGTON,S0580,1,0.01985,0.845612682460342,0
Washington,WASHINGTON,WASHINGTON,S0565,1,0.01411,0.877756631816737,0
Washington,WASHINGTON,WASHINGTON,S0549,1,0.01714,0.928787796874531,0
Washington,WASHINGTON,WASHINGTON,S0538,1,0.01185,0.995376681850757,0
Washington,WASHINGTON,WASHINGTON,S0537,2,0.01959,0.978384203393944,0
Washington,WASHINGTON,WASHINGTON,S0462,1,0.01705,0.915836138883606,0
Washington,WASHINGTON,WASHINGTON,S0461,2,0.02222,0.865415089938324,0
Washington,WASHINGTON,WASHINGTON,S0460,2,0.02016,0.908670336706564,0
Washington,WASHINGTON,WASHINGTON,S0459,3,0.03324,0.966920596256386,0
Washington,WASHINGTON,WASHINGTON,S0452,1,0.01788,0.996660288597923,0
Washington,WASHINGTON,WASHINGTON,S0427,1,0.01305,0.995119204802904,0
Washington,WASHINGTON,WASHINGTON,S0315,1,0.01225,0.991470139415469,0
Washington,WASHINGTON,WASHINGTON,S0314,3,0.00777,0.782891235372517,0
Washington,WASHINGTON,WASHINGTON,S0314,2,0.00811,0.882409845478833,0
Washington,WASHINGTON,WASHINGTON,S0264,2,0.02199,0.993293252424337,0
Washington,WASHINGTON,WASHINGTON,S1036,2,0.01933,0.866158378426917,0
Washington,WASHINGTON,WASHINGTON,S0263,3,0.03433,0.979733741376549,0
Washington,WASHINGTON,WASHINGTON,S0256,1,0.00997,0.857821343000978,0
Washington,WASHINGTON,WASHINGTON,S0251,2,0.0243,0.887217569339555,0
Washington,WASHINGTON,WASHINGTON,S0250,3,0.03547,0.783301427261904,0
Washington,WASHINGTON,WASHINGTON,S0249,1,0.02133,0.786250553734135,0
Washington,WASHINGTON,WASHINGTON,S0226,1,0.01359,0.771909307397436,0
Washington,WASHINGTON,WASHINGTON,S0225,2,0.02605,0.955924013629556,0
Washington,WASHINGTON,WASHINGTON,S0224,3,0.03947,0.800445512519218,0
Washington,WASHINGTON,WASHINGTON,S0211,1,0.01568,0.872545787307899,0
Washington,WASHINGTON,WASHINGTON,S1322,3,0.02016,0.91865452111233,0
Washington,WASHINGTON,WASHINGTON,S0091,1,0.01462,0.83685906388564,0
Washington,WASHINGTON,WASHINGTON,S0090,1,0.01259,0.769195171189494,0
Washington,WASHINGTON,WASHINGTON,S0042,1,0.01194,0.941365828562994,0
Wayne,WAYNE,WAYNE,S1122,3,0.30361,0.789173109456897,0
Wayne,WAYNE,WAYNE,S1122,2,0.15663,0.782341185142286,0
Wayne,WAYNE,WAYNE,S0566,1,0.48675,0.780191279074643,0
Wayne,WAYNE,WAYNE,S0410,1,0.05301,0.952867721323855,0
Weber,,OGDEN,S1128,1,0.00085,0.861860799195711,0
Weber,,WEBER,S1216,3,0.00012,0.862189437670168,0
Weber,,WEBER,S1216,2,0.00012,0.924738592060748,0
Weber,,WEBER,S1216,1,0.00069,0.963016847614199,0
Weber,,WEBER,S1088,3,0.00946,0.925076000508852,0
Weber,,WEBER,S1088,2,0.00492,0.771862311987206,0
Weber,,WEBER,S1088,1,0.0092,0.871894079318736,0
Weber,,WEBER,S1069,3,0.01307,0.93659147748258,0
Weber,,WEBER,S1069,2,0.00697,0.7937935339869,0
Weber,,OGDEN,S0881,2,0.00515,0.891775328607764,0
Weber,,OGDEN,S0881,1,0.01777,0.888433161657304,0
Weber,,WEBER,S0819,1,0.02134,0.81061344925547,0
Weber,,OGDEN,S0744,2,0.014,0.768884272780269,0
Weber,,OGDEN,S0744,1,0.05215,0.817827080318239,0
Weber,,OGDEN,S0736,3,0.00169,0.772173969191499,0
Weber,,OGDEN,S0701,3,0.03285,0.814994633721653,0
Weber,,WEBER,S0597,2,0.00327,0.858058590907604,0
Weber,,WEBER,S0597,1,0.0083,0.844924245146103,0
Weber,,OGDEN,S0545,1,0.02708,0.800216994946823,0
Weber,,WEBER,S0399,2,0.00304,0.952938390837517,0
Weber,,WEBER,S0399,1,0.00139,0.939853531657718,0
Weber,,WEBER,S0381,1,0.01249,0.775142284692265,0
Weber,,OGDEN,S0235,3,0.01715,0.859233522496652,0
Weber,,OGDEN,S0235,2,0.02477,0.973186741117388,0
Weber,,OGDEN,S0235,1,0.05592,0.786040033155587,0
Weber,,WEBER,S0112,1,0.01521,0.957048669923097,0
Weber,,OGDEN,S0736,2,0.00015,0.874587915372103,0
Weber,OGDEN,OGDEN,S1110,1,0.028,0.793778029852547,0
Weber,OGDEN,OGDEN,S0910,1,0.04338,0.763320886937436,0
Weber,OGDEN,OGDEN,S1267,1,0.04062,0.845652200689074,0
Weber,OGDEN,OGDEN,S0743,3,0.088,0.795012434187811,0
Weber,OGDEN,OGDEN,S0741,1,0.03808,0.901062153978273,0
Weber,OGDEN,OGDEN,S0693,1,0.04577,0.768207981192973,0
Weber,OGDEN,OGDEN,S0652,2,0.06169,0.853831759071909,0
Weber,OGDEN,OGDEN,S0648,2,0.04554,0.84527768852422,0
Weber,OGDEN,OGDEN,S0583,3,0.00323,0.885913612728473,0
Weber,OGDEN,OGDEN,S0561,1,0.033,0.983203772222623,0
Weber,OGDEN,OGDEN,S1021,1,0.04,0.910389725060668,0
Weber,OGDEN,OGDEN,S0441,1,0.03431,0.938394483120646,0
Weber,OGDEN,OGDEN,S0433,2,0.04754,0.871410423656926,0
Weber,OGDEN,OGDEN,S0426,1,0.04531,0.882876055024099,0
Weber,OGDEN,OGDEN,S0378,3,0.01754,0.792342278116848,0
Weber,OGDEN,OGDEN,S0288,1,0.05331,0.979265289905015,0
Weber,OGDEN,OGDEN,S0075,3,0.08138,0.759416501095984,0
Weber,UTAH D & B,OGDEN,S0714,3,0.00038,0.80284462304553,0
Weber,UTAH D & B,OGDEN,S0714,1,0.00054,0.994778249878436,0
Weber,UTAH D & B,OGDEN,S0512,3,0.00054,0.794608676398639,0
Weber,UTAH D & B,OGDEN,S0512,2,0.00046,0.950050924206153,0
Weber,UTAH D & B,OGDEN,S0512,1,0.00185,0.803406117891427,0
Weber,WEBER,WEBER,S1151,1,0.01943,0.870577098394278,0
Weber,WEBER,WEBER,S1138,1,0.01385,0.794391678238753,0
Weber,WEBER,WEBER,S1335,3,0.04343,0.762709149334114,0
Weber,WEBER,WEBER,S1126,3,0.00879,0.909877189202234,0
Weber,WEBER,WEBER,S1125,3,0.05457,0.763348601234611,0
Weber,WEBER,WEBER,S1118,1,0.01142,0.987900731619447,0
Weber,WEBER,WEBER,S1099,2,0.02866,0.849487016675994,0
Weber,WEBER,WEBER,S1085,1,0.00801,0.991349957068451,0
Weber,WEBER,WEBER,S1080,1,0.01533,0.948182766558602,0
Weber,WEBER,WEBER,S1056,1,0.0157,0.758810763480142,0
Weber,WEBER,WEBER,S1049,3,0.00471,0.85938842833275,0
Weber,WEBER,WEBER,S1014,2,0.01541,0.771802002505865,0
Weber,WEBER,WEBER,S0942,2,0.0225,0.880573596048634,0
Weber,WEBER,WEBER,S0929,2,0.00758,0.840304671786726,0
Weber,WEBER,WEBER,S0919,1,0.01642,0.942595250089653,0
Weber,WEBER,WEBER,S0898,2,0.0188,0.819553320528939,0
Weber,WEBER,WEBER,S0874,1,0.0111,0.991413259122055,0
Weber,WEBER,WEBER,S0873,2,0.02666,0.936105253640562,0
Weber,WEBER,WEBER,S0872,3,0.04306,0.988955460197758,0
Weber,WEBER,WEBER,S0864,1,0.01183,0.920200122694951,0
Weber,WEBER,WEBER,S0858,2,0.02296,0.933197504142299,0
Weber,WEBER,WEBER,S0845,1,0.01099,0.858585815760307,0
Weber,WEBER,WEBER,S0797,1,0.01755,0.894345283391885,0
Weber,WEBER,WEBER,S0794,1,0.01064,0.847690462018363,0
Weber,WEBER,WEBER,S0760,2,0.02828,0.82776911277324,0
Weber,WEBER,WEBER,S0756,1,0.01249,0.78410663199611,0
Weber,WEBER,WEBER,S0711,1,0.01324,0.971865475992672,0
Weber,WEBER,WEBER,S0709,1,0.0146,0.933772272721399,0
Weber,WEBER,WEBER,S0708,2,0.02403,0.86664439010201,0
Weber,WEBER,WEBER,S0682,1,0.00862,0.825517888297327,0
Weber,WEBER,WEBER,S1329,2,0.02443,0.760321472072974,0
Weber,WEBER,WEBER,S0610,1,0.01423,0.838508056593128,0
Weber,WEBER,WEBER,S0582,1,0.01909,0.870681277825497,0
Weber,WEBER,WEBER,S0571,1,0.01223,0.867012023169082,0
Weber,WEBER,WEBER,S0531,1,0.01044,0.84901006979635,0
Weber,WEBER,WEBER,S0502,1,0.02177,0.975957473798189,0
Weber,WEBER,WEBER,S0449,3,0.00081,0.790521217568312,0
Weber,WEBER,WEBER,S0449,2,2e-04,0.892002364096697,0
Weber,WEBER,WEBER,S0448,1,0.01388,0.944878390408121,0
Weber,WEBER,WEBER,S1326,1,0.01492,0.825411911762785,0
Weber,WEBER,WEBER,S0409,1,0.01061,0.975272209034301,0
Weber,WEBER,WEBER,S0395,1,0.01455,0.866248426144011,0
Weber,WEBER,WEBER,S0367,3,0.0419,0.874905503296759,0
Weber,WEBER,WEBER,S0366,1,0.0231,0.930318906437606,0
Weber,WEBER,WEBER,S0337,1,0.01903,0.804783642990515,0
Weber,WEBER,WEBER,S0218,1,0.01495,0.851196072879247,0
Weber,WEBER,WEBER,S0144,1,0.00032,0.780961035343353,0
Weber,WEBER,WEBER,S0125,1,0.01559,0.89407937071519,0
Weber,WEBER,WEBER,S0097,3,0.03811,0.860688323562499,0
Weber,WEBER,WEBER,S0063,1,0.01961,0.860385451640468,0
